"rcp","scenario","year","catch_mt","catch_mt_scaled","ff_catch_mt","prop2maq","maq_ff_catch_mt"
"RCP 2.6","Progressive reform",2012,115955213.576537,166451412.112051,29961254.1801693,0.745,22321134.3642261
"RCP 2.6","Progressive reform",2013,38718584.3375666,55579760.8333807,10004356.9500085,0.745,7453245.92775635
"RCP 2.6","Progressive reform",2014,41456525.411943,59510021.0092954,10711803.7816732,0.745,7980293.81734651
"RCP 2.6","Progressive reform",2015,41974332.9138992,60253323.4210143,10845598.2157826,0.745,8079970.67075802
"RCP 2.6","Progressive reform",2016,43266154.4018901,62107707.5771078,11179387.3638794,0.745,8328643.58609016
"RCP 2.6","Progressive reform",2017,44457571.3280083,63817962.9735646,11487233.3352416,0.745,8557988.83475502
"RCP 2.6","Progressive reform",2018,45740257.4825252,65659233.5394198,11818662.0370956,0.745,8804903.21763619
"RCP 2.6","Progressive reform",2019,46904476.2138127,67330446.4659709,12119480.3638748,0.745,9029012.8710867
"RCP 2.6","Progressive reform",2020,48035999.5881097,68954725.8552301,12411850.6539414,0.745,9246828.73718636
"RCP 2.6","Progressive reform",2021,49171391.5220114,70584558.4851691,12705220.5273304,0.745,9465389.29286117
"RCP 2.6","Progressive reform",2022,50364827.9899559,72297712.8939121,13013588.3209042,0.745,9695123.29907361
"RCP 2.6","Progressive reform",2023,51625006.2605691,74106673.8382859,13339201.2908915,0.745,9937704.96171414
"RCP 2.6","Progressive reform",2024,52961683.7801215,76025447.9391251,13684580.6290425,0.745,10195012.5686367
"RCP 2.6","Progressive reform",2025,54361909.6378715,78035444.4206067,14046379.9957092,0.745,10464553.0968034
"RCP 2.6","Progressive reform",2026,55789682.2983405,80084983.7917121,14415297.0825082,0.745,10739396.3264686
"RCP 2.6","Progressive reform",2027,57192387.1026362,82098538.7518543,14777736.9753338,0.745,11009414.0466237
"RCP 2.6","Progressive reform",2028,58518669.7576375,84002391.230544,15120430.4214979,0.745,11264720.664016
"RCP 2.6","Progressive reform",2029,59721183.1351506,85728575.3631667,15431143.56537,0.745,11496201.9562006
"RCP 2.6","Progressive reform",2030,60764922.0528757,87226841.9039546,15700831.5427118,0.745,11697119.4993203
"RCP 2.6","Progressive reform",2031,61652158.5622824,88500452.337785,15930081.4208013,0.745,11867910.658497
"RCP 2.6","Progressive reform",2032,62397525.7233578,89570412.1324006,16122674.1838321,0.745,12011392.2669549
"RCP 2.6","Progressive reform",2033,63021386.0894945,90465951.3298309,16283871.2393696,0.745,12131484.0733303
"RCP 2.6","Progressive reform",2034,63547174.719936,91220710.4933909,16419727.8888104,0.745,12232697.2771637
"RCP 2.6","Progressive reform",2035,63994137.1835213,91862316.2559101,16535216.9260638,0.745,12318736.6099175
"RCP 2.6","Progressive reform",2036,64376281.374154,92410876.6716023,16633957.8008884,0.745,12392298.5616619
"RCP 2.6","Progressive reform",2037,64702991.6620692,92879862.8180435,16718375.3072478,0.745,12455189.6038996
"RCP 2.6","Progressive reform",2038,64982941.9706465,93281725.9404217,16790710.6692759,0.745,12509079.4486105
"RCP 2.6","Progressive reform",2039,65222463.1381304,93625553.8316282,16852599.6896931,0.745,12555186.7688213
"RCP 2.6","Progressive reform",2040,65427322.0201533,93919624.6986867,16905532.4457636,0.745,12594621.6720939
"RCP 2.6","Progressive reform",2041,65603002.7842016,94171810.9553872,16950925.9719697,0.745,12628439.8491174
"RCP 2.6","Progressive reform",2042,65754796.7465779,94389708.1814653,16990147.4726637,0.745,12657659.8671345
"RCP 2.6","Progressive reform",2043,65886525.1544197,94578801.7014912,17024184.3062684,0.745,12683017.30817
"RCP 2.6","Progressive reform",2044,66001515.1200535,94743867.5193021,17053896.1534744,0.745,12705152.6343384
"RCP 2.6","Progressive reform",2045,66102627.4591935,94889012.2791857,17080022.2102534,0.745,12724616.5466388
"RCP 2.6","Progressive reform",2046,66192186.5904578,95017572.6380231,17103163.0748442,0.745,12741856.4907589
"RCP 2.6","Progressive reform",2047,66271701.6389224,95131714.9149665,17123708.684694,0.745,12757162.970097
"RCP 2.6","Progressive reform",2048,66341714.7236386,95232217.3111752,17141799.1160115,0.745,12770640.3414286
"RCP 2.6","Progressive reform",2049,66402293.4023768,95319176.8044903,17157451.8248082,0.745,12782301.6094821
"RCP 2.6","Progressive reform",2050,66453055.5384265,95392044.8452336,17170568.072142,0.745,12792073.2137458
"RCP 2.6","Progressive reform",2051,66493310.0480764,95449829.3964275,17180969.2913569,0.745,12799822.1220609
"RCP 2.6","Progressive reform",2052,66522733.3082088,95492065.9034971,17188571.8626295,0.745,12805486.037659
"RCP 2.6","Progressive reform",2053,66542836.915094,95520924.2329448,17193766.3619301,0.745,12809355.9396379
"RCP 2.6","Progressive reform",2054,66555423.3729012,95538991.8437998,17197018.531884,0.745,12811778.8062536
"RCP 2.6","Progressive reform",2055,66562541.286421,95549209.4676574,17198857.7041783,0.745,12813148.9896129
"RCP 2.6","Progressive reform",2056,66566313.3117836,95554624.1353447,17199832.344362,0.745,12813875.0965497
"RCP 2.6","Progressive reform",2057,66568537.5828776,95557817.0324392,17200407.065839,0.745,12814303.2640501
"RCP 2.6","Progressive reform",2058,66569583.9300805,95559319.0431217,17200677.4277619,0.745,12814504.6836826
"RCP 2.6","Progressive reform",2059,66569786.0291741,95559609.1523671,17200729.6474261,0.745,12814543.5873324
"RCP 2.6","Progressive reform",2060,66569349.7111106,95558982.8264301,17200616.9087574,0.745,12814459.5970243
"RCP 2.6","Progressive reform",2061,66568503.1063991,95557767.5421373,17200398.1575847,0.745,12814296.6274006
"RCP 2.6","Progressive reform",2062,66567527.2467187,95556366.7148971,17200146.0086815,0.745,12814108.7764677
"RCP 2.6","Progressive reform",2063,66566813.3248394,95555341.8941815,17199961.5409527,0.745,12813971.3480097
"RCP 2.6","Progressive reform",2064,66566717.1335035,95555203.8134242,17199936.6864164,0.745,12813952.8313802
"RCP 2.6","Progressive reform",2065,66567554.5855246,95556405.9592114,17200153.0726581,0.745,12814114.0391302
"RCP 2.6","Progressive reform",2066,66569573.1466464,95559303.5637157,17200674.6414688,0.745,12814502.6078943
"RCP 2.6","Progressive reform",2067,66572935.0482669,95564129.5068954,17201543.3112412,0.745,12815149.7668747
"RCP 2.6","Progressive reform",2068,66577621.5970757,95570856.9548737,17202754.2518773,0.745,12816051.9176486
"RCP 2.6","Progressive reform",2069,66583235.4151472,95578915.4795102,17204204.7863118,0.745,12817132.5658023
"RCP 2.6","Progressive reform",2070,66589424.7887651,95587800.2027324,17205804.0364918,0.745,12818324.0071864
"RCP 2.6","Progressive reform",2071,66595664.2884949,95596756.8809951,17207416.2385791,0.745,12819525.0977414
"RCP 2.6","Progressive reform",2072,66601511.9031164,95605151.015948,17208927.1828706,0.745,12820650.7512386
"RCP 2.6","Progressive reform",2073,66607128.3686816,95613213.3410092,17210378.4013817,0.745,12821731.9090293
"RCP 2.6","Progressive reform",2074,66613032.0164202,95621687.9103916,17211903.8238705,0.745,12822868.3487835
"RCP 2.6","Progressive reform",2075,66619988.7233905,95631674.1254409,17213701.3425794,0.745,12824207.5002216
"RCP 2.6","Progressive reform",2076,66628935.687078,95644517.3145823,17216013.1166248,0.745,12825929.7718855
"RCP 2.6","Progressive reform",2077,66640713.3783589,95661423.9571096,17219056.3122797,0.745,12828196.9526484
"RCP 2.6","Progressive reform",2078,66655258.9886072,95682303.8924845,17222814.7006472,0.745,12830996.9519822
"RCP 2.6","Progressive reform",2079,66671886.2339913,95706171.9738614,17227110.955295,0.745,12834197.6616948
"RCP 2.6","Progressive reform",2080,66689476.1742339,95731421.9846374,17231655.9572347,0.745,12837583.6881399
"RCP 2.6","Progressive reform",2081,66706595.6899521,95755996.7103275,17236079.4078589,0.745,12840879.1588549
"RCP 2.6","Progressive reform",2082,66721775.7891709,95777787.4420509,17240001.7395692,0.745,12843801.295979
"RCP 2.6","Progressive reform",2083,66734312.1522781,95795783.1429562,17243240.9657321,0.745,12846214.5194704
"RCP 2.6","Progressive reform",2084,66744103.8779712,95809838.9712227,17245771.0148201,0.745,12848099.406041
"RCP 2.6","Progressive reform",2085,66751465.0259753,95820405.7533644,17247673.0356056,0.745,12849516.4115262
"RCP 2.6","Progressive reform",2086,66757007.4110922,95828361.7374095,17249105.1127337,0.745,12850583.3089866
"RCP 2.6","Progressive reform",2087,66761485.4541854,95834789.8795635,17250262.1783214,0.745,12851445.3228495
"RCP 2.6","Progressive reform",2088,66765434.2508294,95840458.2989235,17251282.4938062,0.745,12852205.4578856
"RCP 2.6","Progressive reform",2089,66769173.0270612,95845825.2381422,17252248.5428656,0.745,12852925.1644349
"RCP 2.6","Progressive reform",2090,66772900.231171,95851175.5658089,17253211.6018456,0.745,12853642.643375
"RCP 2.6","Progressive reform",2091,66776742.1538701,95856690.5697383,17254204.3025529,0.745,12854382.2054019
"RCP 2.6","Progressive reform",2092,66780772.5383747,95862476.106856,17255245.6992341,0.745,12855158.0459294
"RCP 2.6","Progressive reform",2093,66785039.2175104,95868600.8402359,17256348.1512425,0.745,12855979.3726756
"RCP 2.6","Progressive reform",2094,66789607.3566802,95875158.3135231,17257528.4964341,0.745,12856858.7298434
"RCP 2.6","Progressive reform",2095,66794528.2287211,95882222.1278594,17258799.9830147,0.745,12857805.987346
"RCP 2.6","Progressive reform",2096,66799828.2686395,95889830.2301729,17260169.4414311,0.745,12858826.2338662
"RCP 2.6","Progressive reform",2097,66805510.2041498,95897986.5360434,17261637.5764878,0.745,12859919.9944834
"RCP 2.6","Progressive reform",2098,66811553.5349126,95906661.61764,17263199.0911752,0.745,12861083.3229255
"RCP 2.6","Progressive reform",2099,66817911.953107,95915789.0010031,17264842.0201806,0.745,12862307.3050345
"RCP 2.6","Progressive reform",2100,66824524.0500683,95925280.5352109,17266550.496338,0.745,12863580.1197718
"RCP 2.6","Business-as-usual",2012,53403939.3088965,76660296.9899646,13798853.4581936,0.212,2925356.93313705
"RCP 2.6","Business-as-usual",2013,54226715.8701433,77841376.4451099,14011447.7601198,0.212,2970426.92514539
"RCP 2.6","Business-as-usual",2014,55230408.4222963,79282157.2214045,14270788.2998528,0.212,3025407.1195688
"RCP 2.6","Business-as-usual",2015,56659207.5094679,81333170.0077088,14639970.6013876,0.212,3103673.76749417
"RCP 2.6","Business-as-usual",2016,57083505.6380215,81942241.5662519,14749603.4819253,0.212,3126915.93816817
"RCP 2.6","Business-as-usual",2017,57454614.7914669,82474961.4046567,14845493.0528382,0.212,3147244.5272017
"RCP 2.6","Business-as-usual",2018,57737615.0043178,82881202.6042036,14918616.4687566,0.212,3162746.69137641
"RCP 2.6","Business-as-usual",2019,57921133.6840867,83144640.0336582,14966035.2060585,0.212,3172799.4636844
"RCP 2.6","Business-as-usual",2020,58003195.6192487,83262438.3160041,14987238.8968807,0.212,3177294.64613872
"RCP 2.6","Business-as-usual",2021,57527293.6661225,82579290.4895163,14864272.2881129,0.212,3151225.72507994
"RCP 2.6","Business-as-usual",2022,57136194.1802617,82017874.9249212,14763217.4864858,0.212,3129802.10713499
"RCP 2.6","Business-as-usual",2023,56799891.8661183,81535119.6148395,14676321.5306711,0.212,3111380.16450227
"RCP 2.6","Business-as-usual",2024,56497993.2303533,81101750.1035617,14598315.0186411,0.212,3094842.78395191
"RCP 2.6","Business-as-usual",2025,56216491.4110885,80697659.8183256,14525578.7672986,0.212,3079422.69866731
"RCP 2.6","Business-as-usual",2026,55836703.3618509,80152481.5969329,14427446.6874479,0.212,3058618.69773896
"RCP 2.6","Business-as-usual",2027,55498869.3256137,79667527.5301278,14340154.955423,0.212,3040112.85054968
"RCP 2.6","Business-as-usual",2028,55193424.6008984,79229067.6784069,14261232.1821132,0.212,3023381.22260801
"RCP 2.6","Business-as-usual",2029,54915010.4320207,78829409.6541377,14189293.7377448,0.212,3008130.27240189
"RCP 2.6","Business-as-usual",2030,54660502.7231446,78464068.8796337,14123532.3983341,0.212,2994188.86844682
"RCP 2.6","Business-as-usual",2031,54362405.249353,78036155.8610708,14046508.0549928,0.212,2977859.70765846
"RCP 2.6","Business-as-usual",2032,54102696.3257252,77663348.8458225,13979402.792248,0.212,2963633.39195659
"RCP 2.6","Business-as-usual",2033,53875144.8121429,77336703.1556828,13920606.5680229,0.212,2951168.59242086
"RCP 2.6","Business-as-usual",2034,53673381.3974485,77047075.7706557,13868473.638718,0.212,2940116.41140822
"RCP 2.6","Business-as-usual",2035,53491742.4324606,76786336.6345335,13821540.594216,0.212,2930166.6059738
"RCP 2.6","Business-as-usual",2036,53307711.2772191,76522163.5566897,13773989.4402041,0.212,2920085.76132328
"RCP 2.6","Business-as-usual",2037,53141242.2814684,76283200.6109028,13730976.1099625,0.212,2910966.93531205
"RCP 2.6","Business-as-usual",2038,52989086.4431801,76064783.9191216,13691661.1054419,0.212,2902632.15435368
"RCP 2.6","Business-as-usual",2039,52849277.0169887,75864090.2573331,13655536.24632,0.212,2894973.68421983
"RCP 2.6","Business-as-usual",2040,52720443.5600862,75679152.382034,13622247.4287661,0.212,2887916.45489842
"RCP 2.6","Business-as-usual",2041,52596786.5246224,75501645.1571695,13590296.1282905,0.212,2881142.77919759
"RCP 2.6","Business-as-usual",2042,52483694.6503075,75339304.0118472,13561074.7221325,0.212,2874947.84109209
"RCP 2.6","Business-as-usual",2043,52380056.5926895,75190533.6331209,13534296.0539618,0.212,2869270.76343989
"RCP 2.6","Business-as-usual",2044,52284814.0950785,75053814.9144756,13509686.6846056,0.212,2864053.57713639
"RCP 2.6","Business-as-usual",2045,52197056.6589219,74927840.8532752,13487011.3535895,0.212,2859246.40696098
"RCP 2.6","Business-as-usual",2046,52088169.8450687,74771535.9889468,13458876.4780104,0.212,2853281.81333821
"RCP 2.6","Business-as-usual",2047,51991362.7889505,74632571.3775569,13433862.8479603,0.212,2847978.92376757
"RCP 2.6","Business-as-usual",2048,51905089.6392949,74508727.9802263,13411571.0364407,0.212,2843253.05972543
"RCP 2.6","Business-as-usual",2049,51827865.534202,74397874.3071113,13391617.37528,0.212,2839022.88355937
"RCP 2.6","Business-as-usual",2050,51758264.9968069,74297964.1144098,13373633.5405938,0.212,2835210.31060588
"RCP 2.6","Business-as-usual",2051,51694134.1232113,74205905.515743,13357062.9928337,0.212,2831697.35448075
"RCP 2.6","Business-as-usual",2052,51635182.9420368,74121282.2629411,13341830.8073294,0.212,2828468.13115383
"RCP 2.6","Business-as-usual",2053,51580478.6511929,74042755.3370816,13327695.9606747,0.212,2825471.54366303
"RCP 2.6","Business-as-usual",2054,51529386.6263748,73969413.7475461,13314494.4745583,0.212,2822672.82860636
"RCP 2.6","Business-as-usual",2055,51481492.4707462,73900662.635885,13302119.2744593,0.212,2820049.28618537
"RCP 2.6","Business-as-usual",2056,51436369.1104992,73835888.9461069,13290460.0102992,0.212,2817577.52218344
"RCP 2.6","Business-as-usual",2057,51394096.6749147,73775207.7022073,13279537.3863973,0.212,2815261.92591623
"RCP 2.6","Business-as-usual",2058,51354593.5056077,73718501.6851923,13269330.3033346,0.212,2813098.02430694
"RCP 2.6","Business-as-usual",2059,51317810.2371975,73665700.0320357,13259826.0057664,0.212,2811083.11322248
"RCP 2.6","Business-as-usual",2060,51283738.441725,73616790.644569,13251022.3160224,0.212,2809216.73099675
"RCP 2.6","Business-as-usual",2061,51251815.5349145,73570965.9442089,13242773.8699576,0.212,2807468.06043101
"RCP 2.6","Business-as-usual",2062,51222771.9656506,73529274.4758597,13235269.4056548,0.212,2805877.11399881
"RCP 2.6","Business-as-usual",2063,51196442.3242609,73491478.7972133,13228466.1834984,0.212,2804434.83090166
"RCP 2.6","Business-as-usual",2064,51172538.3043377,73457165.0501325,13222289.7090238,0.212,2803125.41831305
"RCP 2.6","Business-as-usual",2065,51150717.5877582,73425841.843733,13216651.5318719,0.212,2801930.12475685
"RCP 2.6","Business-as-usual",2066,51130610.1527254,73396978.0190551,13211456.0434299,0.212,2800828.68120714
"RCP 2.6","Business-as-usual",2067,51111877.7558714,73370088.0344446,13206615.8462,0.212,2799802.5593944
"RCP 2.6","Business-as-usual",2068,51094309.0512909,73344868.5070408,13202076.3312673,0.212,2798840.18222867
"RCP 2.6","Business-as-usual",2069,51077774.0246429,73321132.8038328,13197803.9046899,0.212,2797934.42779426
"RCP 2.6","Business-as-usual",2070,51062172.0891164,73298736.534446,13193772.5762003,0.212,2797079.78615446
"RCP 2.6","Business-as-usual",2071,51047426.8143812,73277569.9846552,13189962.5972379,0.212,2796272.07061444
"RCP 2.6","Business-as-usual",2072,51033441.768224,73257494.7279289,13186349.0510272,0.212,2795505.99881777
"RCP 2.6","Business-as-usual",2073,51020222.8706766,73238519.262355,13182933.4672239,0.212,2794781.89505147
"RCP 2.6","Business-as-usual",2074,51007846.9516505,73220753.8757498,13179735.697635,0.212,2794103.96789861
"RCP 2.6","Business-as-usual",2075,50996449.787864,73204393.4729027,13176790.8251225,0.212,2793479.65492597
"RCP 2.6","Business-as-usual",2076,50985914.9900935,73189270.9793888,13174068.77629,0.212,2792902.58057348
"RCP 2.6","Business-as-usual",2077,50976828.9858487,73176228.2002816,13171721.0760507,0.212,2792404.86812275
"RCP 2.6","Business-as-usual",2078,50969202.8559069,73165281.0418175,13169750.5875272,0.212,2791987.12455576
"RCP 2.6","Business-as-usual",2079,50962909.2404805,73156246.6815442,13168124.402678,0.212,2791642.37336773
"RCP 2.6","Business-as-usual",2080,50957720.6595747,73148798.5764355,13166783.7437584,0.212,2791358.15367678
"RCP 2.6","Business-as-usual",2081,50952553.1771697,73141380.7578067,13165448.5364052,0.212,2791075.0897179
"RCP 2.6","Business-as-usual",2082,50947998.666201,73134842.8475322,13164271.7125558,0.212,2790825.60306183
"RCP 2.6","Business-as-usual",2083,50943756.2729425,73128752.9760479,13163175.5356886,0.212,2790593.21356599
"RCP 2.6","Business-as-usual",2084,50939621.7241217,73122817.9131176,13162107.2243612,0.212,2790366.73156457
"RCP 2.6","Business-as-usual",2085,50935474.24223,73116864.2850203,13161035.5713037,0.212,2790139.54111638
"RCP 2.6","Business-as-usual",2086,50931250.76316,73110801.564479,13159944.2816062,0.212,2789908.18770052
"RCP 2.6","Business-as-usual",2087,50926994.5594963,73104691.8684316,13158844.5363177,0.212,2789675.04169935
"RCP 2.6","Business-as-usual",2088,50922818.0767352,73098696.6101607,13157765.3898289,0.212,2789446.26264373
"RCP 2.6","Business-as-usual",2089,50918849.0409685,73092999.1379409,13156739.8448294,0.212,2789228.84710382
"RCP 2.6","Business-as-usual",2090,50915205.3018392,73087768.6226002,13155798.352068,0.212,2789029.25063842
"RCP 2.6","Business-as-usual",2091,50911994.7418295,73083159.9273049,13154968.7869149,0.212,2788853.38282596
"RCP 2.6","Business-as-usual",2092,50909289.656258,73079276.8305525,13154269.8294994,0.212,2788705.20385388
"RCP 2.6","Business-as-usual",2093,50907044.6867553,73076054.2213024,13153689.7598344,0.212,2788582.2290849
"RCP 2.6","Business-as-usual",2094,50905176.3417901,73073372.2491152,13153207.0048407,0.212,2788479.88502624
"RCP 2.6","Business-as-usual",2095,50903598.5773875,73071107.3995695,13152799.3319225,0.212,2788393.45836757
"RCP 2.6","Business-as-usual",2096,50902222.4809794,73069132.040435,13152443.7672783,0.212,2788318.078663
"RCP 2.6","Business-as-usual",2097,50900969.122998,73067332.8698807,13152119.9165785,0.212,2788249.42231465
"RCP 2.6","Business-as-usual",2098,50899776.9973356,73065621.5971074,13151811.8874793,0.212,2788184.12014562
"RCP 2.6","Business-as-usual",2099,50898588.6992591,73063915.8187577,13151504.8473764,0.212,2788119.02764379
"RCP 2.6","Business-as-usual",2100,50897343.5194508,73062128.3878089,13151183.1098056,0.212,2788050.81927879
"RCP 4.5","Progressive reform",2012,115955213.576537,166451412.112051,29961254.1801693,0.745,22321134.3642261
"RCP 4.5","Progressive reform",2013,38718584.3375666,55579760.8333807,10004356.9500085,0.745,7453245.92775635
"RCP 4.5","Progressive reform",2014,41466356.9124325,59524133.9334941,10714344.1080289,0.745,7982186.36048156
"RCP 4.5","Progressive reform",2015,42054156.0664438,60367907.9752614,10866223.435547,0.745,8095336.45948255
"RCP 4.5","Progressive reform",2016,43421489.5558741,62330688.1135907,11219523.8604463,0.745,8358545.27603251
"RCP 4.5","Progressive reform",2017,44677725.747171,64133990.2811954,11544118.2506152,0.745,8600368.0967083
"RCP 4.5","Progressive reform",2018,46036654.7194648,66084705.9016619,11895247.0622991,0.745,8861959.06141286
"RCP 4.5","Progressive reform",2019,47268624.8685881,67853174.6464167,12213571.436355,0.745,9099110.72008448
"RCP 4.5","Progressive reform",2020,48464705.8701114,69570125.2307261,12522622.5415307,0.745,9329353.79344036
"RCP 4.5","Progressive reform",2021,49659510.9450077,71285244.2476374,12831343.9645747,0.745,9559351.25360817
"RCP 4.5","Progressive reform",2022,50889953.6825749,73051520.4233601,13149273.6762048,0.745,9796208.88877259
"RCP 4.5","Progressive reform",2023,52189782.6760693,74917399.1949818,13485131.8550967,0.745,10046423.2320471
"RCP 4.5","Progressive reform",2024,53570703.1275323,76899683.1481628,13841942.9666693,0.745,10312247.5101686
"RCP 4.5","Progressive reform",2025,55025806.662283,78988455.4478974,14217921.9806215,0.745,10592351.875563
"RCP 4.5","Progressive reform",2026,56524988.4280766,81140501.1751408,14605290.2115253,0.745,10880941.2075864
"RCP 4.5","Progressive reform",2027,58019120.466022,83285298.1180891,14991353.661256,0.745,11168558.4776357
"RCP 4.5","Progressive reform",2028,59449054.1591753,85337939.6088046,15360829.1295848,0.745,11443817.7015407
"RCP 4.5","Progressive reform",2029,60754409.1347255,87211750.8182022,15698115.1472764,0.745,11695095.7847209
"RCP 4.5","Progressive reform",2030,61890103.0008432,88842016.8658561,15991563.0358541,0.745,11913714.4617113
"RCP 4.5","Progressive reform",2031,62841134.18916,90207203.2975421,16237296.5935576,0.745,12096785.9622004
"RCP 4.5","Progressive reform",2032,63608048.0713383,91308092.983478,16435456.737026,0.745,12244415.2690844
"RCP 4.5","Progressive reform",2033,64216670.7483107,92181758.779959,16592716.5803926,0.745,12361573.8523925
"RCP 4.5","Progressive reform",2034,64700691.1300021,92876560.4498328,16717780.8809699,0.745,12454746.7563226
"RCP 4.5","Progressive reform",2035,65095007.0384763,93442593.1253749,16819666.7625675,0.745,12530651.7381128
"RCP 4.5","Progressive reform",2036,65432138.7693562,93926539.0467517,16906777.0284153,0.745,12595548.8861694
"RCP 4.5","Progressive reform",2037,65737268.1471163,94364546.2241651,16985618.3203497,0.745,12654285.6486605
"RCP 4.5","Progressive reform",2038,66017627.623363,94766996.6986276,17058059.405753,0.745,12708254.257286
"RCP 4.5","Progressive reform",2039,66273937.1080872,95134923.8866698,17124286.2996006,0.745,12757593.2932024
"RCP 4.5","Progressive reform",2040,66502447.4934214,95462946.018215,17183330.2832787,0.745,12801581.0610426
"RCP 4.5","Progressive reform",2041,66697012.5386958,95742240.2865335,17233603.251576,0.745,12839034.4224241
"RCP 4.5","Progressive reform",2042,66852386.9241645,95965277.1390354,17273749.8850264,0.745,12868943.6643446
"RCP 4.5","Progressive reform",2043,66971496.4437058,96136256.4948756,17304526.1690776,0.745,12891871.9959628
"RCP 4.5","Progressive reform",2044,67059156.7087625,96262091.068887,17327176.3923997,0.745,12908746.4123378
"RCP 4.5","Progressive reform",2045,67122107.9511768,96352456.3303607,17343442.1394649,0.745,12920864.3939014
"RCP 4.5","Progressive reform",2046,67167896.9414464,96418185.5188506,17355273.3933931,0.745,12929678.6780779
"RCP 4.5","Progressive reform",2047,67202704.5225118,96468151.1119604,17364267.2001529,0.745,12936379.0641139
"RCP 4.5","Progressive reform",2048,67226013.8881449,96501611.2445875,17370290.0240257,0.745,12940866.0678992
"RCP 4.5","Progressive reform",2049,67236135.973412,96516141.2974783,17372905.4335461,0.745,12942814.5479918
"RCP 4.5","Progressive reform",2050,67230223.1401622,96507653.5424765,17371377.6376458,0.745,12941676.3400461
"RCP 4.5","Progressive reform",2051,67204658.8375085,96470956.4924249,17364772.1686365,0.745,12936755.2656342
"RCP 4.5","Progressive reform",2052,67157349.3151936,96403044.6103045,17352548.0298548,0.745,12927648.2822418
"RCP 4.5","Progressive reform",2053,67093486.1651726,96311370.3235256,17336046.6582346,0.745,12915354.7603848
"RCP 4.5","Progressive reform",2054,67017921.0349725,96202898.0760062,17316521.6536811,0.745,12900808.6319924
"RCP 4.5","Progressive reform",2055,66935651.1728467,96084801.3186227,17295264.2373521,0.745,12884971.8568273
"RCP 4.5","Progressive reform",2056,66851529.5487322,95964046.3935862,17273528.3508455,0.745,12868778.6213799
"RCP 4.5","Progressive reform",2057,66769319.2700668,95846035.1670798,17252286.3300744,0.745,12852953.3159054
"RCP 4.5","Progressive reform",2058,66689154.103846,95730959.6589756,17231572.7386156,0.745,12837521.6902686
"RCP 4.5","Progressive reform",2059,66612398.2412798,95620778.1387322,17211740.0649718,0.745,12822746.348404
"RCP 4.5","Progressive reform",2060,66540741.3185527,95517916.0456219,17193224.8882119,0.745,12808952.5417179
"RCP 4.5","Progressive reform",2061,66476447.980554,95425624.2325227,17176612.3618541,0.745,12796576.2095813
"RCP 4.5","Progressive reform",2062,66420756.9030674,95345680.7939849,17162222.5429173,0.745,12785855.7944734
"RCP 4.5","Progressive reform",2063,66369759.5806547,95272475.1478764,17149045.5266178,0.745,12776038.9173302
"RCP 4.5","Progressive reform",2064,66319182.6443368,95199872.9576795,17135977.1323823,0.745,12766302.9636248
"RCP 4.5","Progressive reform",2065,66264375.5814082,95121198.504528,17121815.730815,0.745,12755752.7194572
"RCP 4.5","Progressive reform",2066,66200688.1357895,95029776.4379381,17105359.7588289,0.745,12743493.0203275
"RCP 4.5","Progressive reform",2067,66125754.0957007,94922210.1077721,17085997.819399,0.745,12729068.3754522
"RCP 4.5","Progressive reform",2068,66045498.6688634,94807005.0323409,17065260.9058214,0.745,12713619.3748369
"RCP 4.5","Progressive reform",2069,65964188.2472412,94690285.5327947,17044251.395903,0.745,12697967.2899478
"RCP 4.5","Progressive reform",2070,65885848.205731,94577829.9550584,17024009.3919105,0.745,12682886.9969733
"RCP 4.5","Progressive reform",2071,65813798.0605609,94474403.3989205,17005392.6118057,0.745,12669017.4957952
"RCP 4.5","Progressive reform",2072,65749743.1677638,94382453.8691849,16988841.6964533,0.745,12656687.0638577
"RCP 4.5","Progressive reform",2073,65690186.3183748,94296961.1916589,16973453.0144986,0.745,12645222.4958015
"RCP 4.5","Progressive reform",2074,65633534.0880234,94215638.0372234,16958814.8467002,0.745,12634317.0607917
"RCP 4.5","Progressive reform",2075,65578766.4200878,94137020.1348042,16944663.6242648,0.745,12623774.4000772
"RCP 4.5","Progressive reform",2076,65525600.6578617,94060701.7362985,16930926.3125337,0.745,12613540.1028376
"RCP 4.5","Progressive reform",2077,65474317.9926942,93987086.4863179,16917675.5675372,0.745,12603668.2978152
"RCP 4.5","Progressive reform",2078,65426079.0441508,93917840.4312575,16905211.2776263,0.745,12594382.4018316
"RCP 4.5","Progressive reform",2079,65381941.6789486,93854482.1178344,16893806.7812102,0.745,12585886.0520016
"RCP 4.5","Progressive reform",2080,65342434.3622293,93797770.1472913,16883598.6265124,0.745,12578280.9767518
"RCP 4.5","Progressive reform",2081,65308883.2041721,93749608.1245209,16874929.4624138,0.745,12571822.4494983
"RCP 4.5","Progressive reform",2082,65281626.6481013,93710481.8782112,16867886.738078,0.745,12566575.6198681
"RCP 4.5","Progressive reform",2083,65260027.9553797,93679477.3826616,16862305.9288791,0.745,12562417.9170149
"RCP 4.5","Progressive reform",2084,65243487.3679075,93655733.6970007,16858032.0654601,0.745,12559233.8887678
"RCP 4.5","Progressive reform",2085,65230087.4303986,93636498.3521483,16854569.7033867,0.745,12556654.4290231
"RCP 4.5","Progressive reform",2086,65218518.1610159,93619890.8951272,16851580.3611229,0.745,12554427.3690366
"RCP 4.5","Progressive reform",2087,65206826.056245,93603107.1103395,16848559.2798611,0.745,12552176.6634965
"RCP 4.5","Progressive reform",2088,65195066.378267,93586226.3255515,16845520.7385993,0.745,12549912.9502565
"RCP 4.5","Progressive reform",2089,65183790.2518811,93570039.6694953,16842607.1405092,0.745,12547742.3196793
"RCP 4.5","Progressive reform",2090,65174291.5415445,93556404.4589687,16840152.8026144,0.745,12545913.8379477
"RCP 4.5","Progressive reform",2091,65168144.7097372,93547580.803673,16838564.5446611,0.745,12544730.5857725
"RCP 4.5","Progressive reform",2092,65166194.4377964,93544781.2269353,16838060.6208483,0.745,12544355.162532
"RCP 4.5","Progressive reform",2093,65166298.9218848,93544931.2117745,16838087.6181194,0.745,12544375.275499
"RCP 4.5","Progressive reform",2094,65166271.9457445,93544892.4880594,16838080.6478507,0.745,12544370.0826488
"RCP 4.5","Progressive reform",2095,65163449.2275124,93540840.531953,16837351.2957515,0.745,12543826.7153349
"RCP 4.5","Progressive reform",2096,65154968.6953427,93528666.8960157,16835160.0412828,0.745,12542194.2307557
"RCP 4.5","Progressive reform",2097,65137899.7823839,93504164.8095844,16830749.6657252,0.745,12538908.5009653
"RCP 4.5","Progressive reform",2098,65109776.4703486,93463794.3522574,16823482.9834063,0.745,12533494.8226377
"RCP 4.5","Progressive reform",2099,65068053.3314375,93403901.6128514,16812702.2903133,0.745,12525463.2062834
"RCP 4.5","Progressive reform",2100,65010191.4842795,93320842.0774515,16797751.5739413,0.745,12514324.9225862
"RCP 4.5","Business-as-usual",2012,53403939.3088965,76660296.9899646,13798853.4581936,0.212,2925356.93313705
"RCP 4.5","Business-as-usual",2013,55136998.5284473,79148069.1691571,14246652.4504483,0.212,3020290.31949504
"RCP 4.5","Business-as-usual",2014,56848225.2204132,81604501.187486,14688810.2137475,0.212,3114027.76531446
"RCP 4.5","Business-as-usual",2015,58666264.7003174,84214260.8470271,15158566.9524649,0.212,3213616.19392255
"RCP 4.5","Business-as-usual",2016,58159915.9423405,83487407.2353022,15027733.3023544,0.212,3185879.46009913
"RCP 4.5","Business-as-usual",2017,57871028.4985246,83072715.0323262,14953088.7058187,0.212,3170054.80563357
"RCP 4.5","Business-as-usual",2018,57706255.8638194,82836187.1792168,14910513.692259,0.212,3161028.90275891
"RCP 4.5","Business-as-usual",2019,57612125.7199088,82701065.2222736,14886191.7400093,0.212,3155872.64888196
"RCP 4.5","Business-as-usual",2020,57553723.3911747,82617229.8362777,14871101.37053,0.212,3152673.49055236
"RCP 4.5","Business-as-usual",2021,57325242.6636995,82289250.2780017,14812065.0500403,0.212,3140157.79060854
"RCP 4.5","Business-as-usual",2022,57151950.3282629,82040492.5632606,14767288.6613869,0.212,3130665.19621402
"RCP 4.5","Business-as-usual",2023,57014661.0911997,81843416.5830427,14731814.9849477,0.212,3123144.77680891
"RCP 4.5","Business-as-usual",2024,56902017.3218322,81681718.6834958,14702709.3630292,0.212,3116974.3849622
"RCP 4.5","Business-as-usual",2025,56807568.5546725,81546139.3491901,14678305.0828542,0.212,3111800.6775651
"RCP 4.5","Business-as-usual",2026,56708528.5315792,81403969.3579409,14652714.4844294,0.212,3106375.47069902
"RCP 4.5","Business-as-usual",2027,56632660.2867749,81295061.9954117,14633111.1591741,0.212,3102219.56574491
"RCP 4.5","Business-as-usual",2028,56570597.782761,81205972.5003066,14617075.0500552,0.212,3098819.9106117
"RCP 4.5","Business-as-usual",2029,56518227.8759135,81130796.5364317,14603543.3765577,0.212,3095951.19583023
"RCP 4.5","Business-as-usual",2030,56466622.8983935,81056718.6134537,14590209.3504217,0.212,3093124.38228939
"RCP 4.5","Business-as-usual",2031,56389857.8906708,80946523.9655192,14570374.3137935,0.212,3088919.35452421
"RCP 4.5","Business-as-usual",2032,56301817.9734938,80820144.4084097,14547625.9935137,0.212,3084096.71062491
"RCP 4.5","Business-as-usual",2033,56200504.9849301,80674711.6202532,14521448.0916456,0.212,3078546.99542886
"RCP 4.5","Business-as-usual",2034,56087591.3850925,80512626.3844116,14492272.7491941,0.212,3072361.82282915
"RCP 4.5","Business-as-usual",2035,55964515.1991574,80335952.9575393,14460471.5323571,0.212,3065619.9648597
"RCP 4.5","Business-as-usual",2036,55812284.2147627,80117428.3950109,14421137.111102,0.212,3057281.06755362
"RCP 4.5","Business-as-usual",2037,55671891.0628431,79915896.8065027,14384861.4251705,0.212,3049590.62213614
"RCP 4.5","Business-as-usual",2038,55539588.6300593,79725979.2850436,14350676.2713079,0.212,3042343.36951726
"RCP 4.5","Business-as-usual",2039,55412869.6007815,79544076.6287148,14317933.7931687,0.212,3035401.96415176
"RCP 4.5","Business-as-usual",2040,55288567.7939859,79365643.8473757,14285815.8925276,0.212,3028592.96921586
"RCP 4.5","Business-as-usual",2041,55086610.6782291,79075738.4083107,14233632.9134959,0.212,3017530.17766114
"RCP 4.5","Business-as-usual",2042,54904046.2103921,78813670.7311821,14186460.7316128,0.212,3007529.67510191
"RCP 4.5","Business-as-usual",2043,54735373.6285808,78571544.5812566,14142878.0246262,0.212,2998290.14122075
"RCP 4.5","Business-as-usual",2044,54577717.8080741,78345232.7739509,14102141.8993112,0.212,2989654.08265397
"RCP 4.5","Business-as-usual",2045,54429701.9973469,78132759.009723,14063896.6217501,0.212,2981546.08381103
"RCP 4.5","Business-as-usual",2046,54288338.2511227,77929834.1523173,14027370.1474171,0.212,2973802.47125243
"RCP 4.5","Business-as-usual",2047,54156680.3856491,77740841.8944636,13993351.5410034,0.212,2966590.52669273
"RCP 4.5","Business-as-usual",2048,54031811.4908712,77561595.0695597,13961087.1125207,0.212,2959750.4678544
"RCP 4.5","Business-as-usual",2049,53909628.1461516,77386203.2985658,13929516.5937419,0.212,2953057.51787327
"RCP 4.5","Business-as-usual",2050,53785770.2976301,77208407.810535,13897513.4058963,0.212,2946272.84205001
"RCP 4.5","Business-as-usual",2051,53653992.0885938,77019242.801881,13863463.7043386,0.212,2939054.30531978
"RCP 4.5","Business-as-usual",2052,53513146.4634923,76817061.6970834,13827071.105475,0.212,2931339.0743607
"RCP 4.5","Business-as-usual",2053,53364462.6206031,76603628.98592,13788653.2174656,0.212,2923194.48210271
"RCP 4.5","Business-as-usual",2054,53211300.9862556,76383768.4938197,13749078.3288876,0.212,2914804.60572416
"RCP 4.5","Business-as-usual",2055,53057545.5750989,76163055.6468721,13709350.016437,0.212,2906382.20348464
"RCP 4.5","Business-as-usual",2056,52898169.8066993,75934274.8884369,13668169.4799186,0.212,2897651.92974275
"RCP 4.5","Business-as-usual",2057,52747633.2229143,75718182.604419,13629272.8687954,0.212,2889405.84818463
"RCP 4.5","Business-as-usual",2058,52606340.2642076,75515359.3610924,13592764.6849966,0.212,2881666.11321929
"RCP 4.5","Business-as-usual",2059,52473646.3003194,75324879.8044888,13558478.364808,0.212,2874397.41333929
"RCP 4.5","Business-as-usual",2060,52348857.5539496,75145748.031037,13526234.6455867,0.212,2867561.74486437
"RCP 4.5","Business-as-usual",2061,52215096.2908701,74953736.3875866,13491672.5497656,0.212,2860234.5805503
"RCP 4.5","Business-as-usual",2062,52091045.2422221,74775663.5646013,13459619.4416282,0.212,2853439.32162519
"RCP 4.5","Business-as-usual",2063,51973804.0140611,74607366.1040282,13429325.8987251,0.212,2847017.09052971
"RCP 4.5","Business-as-usual",2064,51859714.1744173,74443592.399245,13399846.6318641,0.212,2840767.48595519
"RCP 4.5","Business-as-usual",2065,51744913.100787,74278797.7321632,13370183.5917894,0.212,2834478.92145935
"RCP 4.5","Business-as-usual",2066,51619590.2027244,74098899.1945374,13337801.8550167,0.212,2827613.99326355
"RCP 4.5","Business-as-usual",2067,51488765.8176124,73911103.3812324,13303998.6086218,0.212,2820447.70502783
"RCP 4.5","Business-as-usual",2068,51353319.3211564,73716672.6186531,13269001.0713576,0.212,2813028.2271278
"RCP 4.5","Business-as-usual",2069,51216154.1260799,73519774.69825,13233559.445685,0.212,2805514.60248522
"RCP 4.5","Business-as-usual",2070,51080628.2801614,73325230.0310892,13198541.405596,0.212,2798090.77798636
"RCP 4.5","Business-as-usual",2071,50940866.4790807,73124604.7342037,13162428.8521567,0.212,2790434.91665721
"RCP 4.5","Business-as-usual",2072,50811105.7801369,72938335.8213222,13128900.447838,0.212,2783326.89494165
"RCP 4.5","Business-as-usual",2073,50691259.3841993,72766298.6940119,13097933.7649221,0.212,2776761.95816349
"RCP 4.5","Business-as-usual",2074,50580212.2861701,72606892.7845424,13069240.7012176,0.212,2770679.02865814
"RCP 4.5","Business-as-usual",2075,50476769.0468933,72458402.0636857,13042512.3714634,0.212,2765012.62275025
"RCP 4.5","Business-as-usual",2076,50374761.9205911,72311972.8545559,13016155.1138201,0.212,2759424.88412985
"RCP 4.5","Business-as-usual",2077,50281017.6969811,72177404.8785594,12991932.8781407,0.212,2754289.77016583
"RCP 4.5","Business-as-usual",2078,50194029.6338961,72052535.2371627,12969456.3426893,0.212,2749524.74465013
"RCP 4.5","Business-as-usual",2079,50112688.9161363,71935772.2481109,12948439.00466,0.212,2745069.06898791
"RCP 4.5","Business-as-usual",2080,50036133.9691624,71825879.1382202,12928658.2448796,0.212,2740875.54791448
"RCP 4.5","Business-as-usual",2081,49951000.2801439,71703671.4140622,12906660.8545312,0.212,2736212.10116061
"RCP 4.5","Business-as-usual",2082,49873028.0810438,71591743.8668189,12886513.8960274,0.212,2731940.94595781
"RCP 4.5","Business-as-usual",2083,49801346.6207669,71488846.5505421,12867992.3790976,0.212,2728014.38436869
"RCP 4.5","Business-as-usual",2084,49735252.6014909,71393969.8951394,12850914.5811251,0.212,2724393.89119852
"RCP 4.5","Business-as-usual",2085,49674065.9170183,71306137.6216366,12835104.7718946,0.212,2721042.21164165
"RCP 4.5","Business-as-usual",2086,49616422.2973448,71223391.3474679,12820210.4425442,0.212,2717884.61381937
"RCP 4.5","Business-as-usual",2087,49562569.6259904,71146086.9045155,12806295.6428128,0.212,2714934.67627631
"RCP 4.5","Business-as-usual",2088,49512266.221443,71073877.3637567,12793297.9254762,0.212,2712179.16020095
"RCP 4.5","Business-as-usual",2089,49465537.0236848,71006798.5260416,12781223.7346875,0.212,2709619.43175375
"RCP 4.5","Business-as-usual",2090,49422562.3886207,70945109.2886992,12770119.6719659,0.212,2707265.37045676
"RCP 4.5","Business-as-usual",2091,49383633.0074763,70889226.9332252,12760060.8479805,0.212,2705132.89977188
"RCP 4.5","Business-as-usual",2092,49348840.0189622,70839282.2874337,12751070.8117381,0.212,2703227.01208847
"RCP 4.5","Business-as-usual",2093,49317093.7035366,70793711.0805085,12742867.9944915,0.212,2701488.01483221
"RCP 4.5","Business-as-usual",2094,49286742.6116591,70750142.6893484,12735025.6840827,0.212,2699825.44502553
"RCP 4.5","Business-as-usual",2095,49255974.0615057,70705975.0451028,12727075.5081185,0.212,2698140.00772112
"RCP 4.5","Business-as-usual",2096,49222899.9041041,70658497.7473246,12718529.5945184,0.212,2696328.27403791
"RCP 4.5","Business-as-usual",2097,49185637.2020511,70605007.8766709,12708901.4178008,0.212,2694287.10057376
"RCP 4.5","Business-as-usual",2098,49142506.420266,70543094.4938035,12697757.0088846,0.212,2691924.48588354
"RCP 4.5","Business-as-usual",2099,49091907.210344,70470460.3302891,12684682.859452,0.212,2689152.76620383
"RCP 4.5","Business-as-usual",2100,49032234.2587268,70384800.9903145,12669264.1782566,0.212,2685884.0057904
"RCP 6.0","Progressive reform",2012,115955213.576537,166451412.112051,29961254.1801693,0.745,22321134.3642261
"RCP 6.0","Progressive reform",2013,38718584.3375666,55579760.8333807,10004356.9500085,0.745,7453245.92775635
"RCP 6.0","Progressive reform",2014,41438437.2529127,59484055.8153189,10707130.0467574,0.745,7976811.88483427
"RCP 6.0","Progressive reform",2015,41989816.9448663,60275550.4407417,10849599.0793335,0.745,8082951.31410346
"RCP 6.0","Progressive reform",2016,43310902.3764293,62171942.4081384,11190949.6334649,0.745,8337257.47693136
"RCP 6.0","Progressive reform",2017,44507998.6970737,63890350.4629335,11500263.083328,0.745,8567695.99707938
"RCP 6.0","Progressive reform",2018,45811858.604956,65762015.53231,11837162.7958158,0.745,8818686.28288277
"RCP 6.0","Progressive reform",2019,46993286.8408831,67457932.3618652,12142427.8251357,0.745,9046108.72972612
"RCP 6.0","Progressive reform",2020,48149396.8671297,69117505.4029569,12441150.9725322,0.745,9268657.47453652
"RCP 6.0","Progressive reform",2021,49314834.1827796,70790467.5832211,12742284.1649798,0.745,9493001.70290995
"RCP 6.0","Progressive reform",2022,50533583.188653,72539957.6387406,13057192.3749733,0.745,9727608.31935511
"RCP 6.0","Progressive reform",2023,51826515.9374036,74395936.9876415,13391268.6577755,0.745,9976495.15004273
"RCP 6.0","Progressive reform",2024,53201455.9318511,76369636.1132445,13746534.500384,0.745,10241168.2027861
"RCP 6.0","Progressive reform",2025,54645450.6888791,78442461.9826141,14119643.1568705,0.745,10519134.1518685
"RCP 6.0","Progressive reform",2026,56122379.6269337,80562564.2164482,14501261.5589607,0.745,10803439.8614257
"RCP 6.0","Progressive reform",2027,57578503.8600851,82652801.7085179,14877504.3075332,0.745,11083740.7091123
"RCP 6.0","Progressive reform",2028,58957122.1802941,84631780.997887,15233720.5796197,0.745,11349121.8318166
"RCP 6.0","Progressive reform",2029,60206513.0478718,86425256.838893,15556546.2310007,0.745,11589626.9420956
"RCP 6.0","Progressive reform",2030,61288634.2309227,87978620.3612351,15836151.6650223,0.745,11797932.9904416
"RCP 6.0","Progressive reform",2031,62201556.6218025,89289102.369104,16072038.4264387,0.745,11973668.6276968
"RCP 6.0","Progressive reform",2032,62957206.13633,90373822.2784151,16267288.0101147,0.745,12119129.5675355
"RCP 6.0","Progressive reform",2033,63581314.314596,91269717.2052481,16428549.0969447,0.745,12239269.0772238
"RCP 6.0","Progressive reform",2034,64101659.5949486,92016662.5475839,16562999.2585651,0.745,12339434.447631
"RCP 6.0","Progressive reform",2035,64542330.2444449,92649236.5356139,16676862.5764105,0.745,12424262.6194258
"RCP 6.0","Progressive reform",2036,64922235.1986031,93194582.5717045,16775024.8629068,0.745,12497393.5228656
"RCP 6.0","Progressive reform",2037,65254102.8630198,93670972.0299501,16860774.965391,0.745,12561277.3492163
"RCP 6.0","Progressive reform",2038,65543492.1047882,94086384.5539467,16935549.2197104,0.745,12616984.1686843
"RCP 6.0","Progressive reform",2039,65794568.1028858,94446799.1756075,17000423.8516093,0.745,12665315.769449
"RCP 6.0","Progressive reform",2040,66010662.5283663,94756998.4427326,17056259.7196919,0.745,12706913.4911704
"RCP 6.0","Progressive reform",2041,66194918.3170158,95021493.9773839,17103868.9159291,0.745,12742382.3423672
"RCP 6.0","Progressive reform",2042,66350924.5785599,95245437.8754752,17144178.8175855,0.745,12772413.2191012
"RCP 6.0","Progressive reform",2043,66483176.3466044,95435282.6687047,17178350.8803668,0.745,12797871.4058733
"RCP 6.0","Progressive reform",2044,66594560.1732073,95595171.9453714,17207130.9501669,0.745,12819312.5578743
"RCP 6.0","Progressive reform",2045,66687199.3277968,95728153.6166795,17231067.6510023,0.745,12837145.3999967
"RCP 6.0","Progressive reform",2046,66762374.1606372,95836065.6000705,17250491.8080127,0.745,12851616.3969695
"RCP 6.0","Progressive reform",2047,66820129.5712463,95918972.3479128,17265415.0226243,0.745,12862734.1918551
"RCP 6.0","Progressive reform",2048,66858980.341409,95974741.8588798,17275453.5345984,0.745,12870212.8832758
"RCP 6.0","Progressive reform",2049,66878722.8225746,96003081.7995107,17280554.7239119,0.745,12874013.2693144
"RCP 6.0","Progressive reform",2050,66879423.9440465,96004088.2454949,17280735.8841891,0.745,12874148.2337209
"RCP 6.0","Progressive reform",2051,66861425.3945431,95978251.6842192,17276085.3031595,0.745,12870683.5508538
"RCP 6.0","Progressive reform",2052,66826371.1023166,95927931.9421248,17267027.7495825,0.745,12863935.6734389
"RCP 6.0","Progressive reform",2053,66779941.1227245,95861282.6261597,17255030.8727088,0.745,12854998.000168
"RCP 6.0","Progressive reform",2054,66726756.8595881,95784937.6699638,17241288.7805935,0.745,12844760.1415421
"RCP 6.0","Progressive reform",2055,66671625.5180792,95705797.7213342,17227043.5898402,0.745,12834147.4744309
"RCP 6.0","Progressive reform",2056,66619081.97488,95630372.505916,17213467.0510649,0.745,12824032.9530433
"RCP 6.0","Progressive reform",2057,66571992.9844187,95562777.1929029,17201299.8947225,0.745,12814968.4215683
"RCP 6.0","Progressive reform",2058,66528174.5557464,95499876.7065506,17189977.8071791,0.745,12806533.4663484
"RCP 6.0","Progressive reform",2059,66485995.6735819,95439329.7567323,17179079.3562118,0.745,12798414.1203778
"RCP 6.0","Progressive reform",2060,66443620.4955358,95378501.0280644,17168130.1850516,0.745,12790256.9878634
"RCP 6.0","Progressive reform",2061,66399630.9131678,95315354.8539725,17156763.873715,0.745,12781789.0859177
"RCP 6.0","Progressive reform",2062,66352372.8743603,95247516.8754071,17144553.0375733,0.745,12772692.0129921
"RCP 6.0","Progressive reform",2063,66299474.2878323,95171582.0023234,17130884.7604182,0.745,12762509.1465116
"RCP 6.0","Progressive reform",2064,66236819.9284146,95081642.9105104,17114695.7238919,0.745,12750448.3142994
"RCP 6.0","Progressive reform",2065,66159319.7923358,94970393.0003831,17094670.740069,0.745,12735529.7013514
"RCP 6.0","Progressive reform",2066,66061136.8853826,94829453.3823741,17069301.6088273,0.745,12716629.6985764
"RCP 6.0","Progressive reform",2067,65937196.9987069,94651540.130198,17037277.2234356,0.745,12692771.5314595
"RCP 6.0","Progressive reform",2068,65788047.7407592,94437439.3249378,16998739.0784888,0.745,12664060.6134742
"RCP 6.0","Progressive reform",2069,65617253.5744461,94192267.6824868,16954608.1828476,0.745,12631183.0962215
"RCP 6.0","Progressive reform",2070,65431506.6996575,93925631.7232201,16906613.7101796,0.745,12595427.2140838
"RCP 6.0","Progressive reform",2071,65238414.9625377,93648452.3595725,16856721.424723,0.745,12558257.4614187
"RCP 6.0","Progressive reform",2072,65046964.0536234,93373628.3723104,16807253.1070159,0.745,12521403.5647268
"RCP 6.0","Progressive reform",2073,64865654.635012,93113362.2934837,16760405.2128271,0.745,12486501.8835562
"RCP 6.0","Progressive reform",2074,64698945.1165272,92874054.0820767,16717329.7347738,0.745,12454410.6524065
"RCP 6.0","Progressive reform",2075,64548985.624793,92658790.202266,16678582.2364079,0.745,12425543.7661239
"RCP 6.0","Progressive reform",2076,64416590.4639119,92468739.5714601,16644373.1228628,0.745,12400057.9765328
"RCP 6.0","Progressive reform",2077,64299707.3601166,92300956.1913197,16614172.1144376,0.745,12377558.225256
"RCP 6.0","Progressive reform",2078,64189825.3863703,92143222.7946781,16585780.1030421,0.745,12356406.1767663
"RCP 6.0","Progressive reform",2079,64082754.1178681,91989524.1097367,16558114.3397526,0.745,12335795.1831157
"RCP 6.0","Progressive reform",2080,63974706.4840644,91834423.8717459,16530196.2969143,0.745,12314996.2412011
"RCP 6.0","Progressive reform",2081,63863591.2087393,91674920.0951186,16501485.6171213,0.745,12293606.7847554
"RCP 6.0","Progressive reform",2082,63750223.9405269,91512183.6273117,16472193.0529161,0.745,12271783.8244225
"RCP 6.0","Progressive reform",2083,63642067.4258458,91356927.0929783,16444246.8767361,0.745,12250963.9231684
"RCP 6.0","Progressive reform",2084,63542444.6917892,91213920.6316842,16418505.7137032,0.745,12231786.7567089
"RCP 6.0","Progressive reform",2085,63455260.452411,91088769.3831046,16395978.4889588,0.745,12215003.9742743
"RCP 6.0","Progressive reform",2086,63383285.783203,90985451.1712152,16377381.2108187,0.745,12201149.00206
"RCP 6.0","Progressive reform",2087,63326207.4621548,90903516.372025,16362632.9469645,0.745,12190161.5454886
"RCP 6.0","Progressive reform",2088,63273438.8059694,90827768.0113744,16348998.2420474,0.745,12180003.6903253
"RCP 6.0","Progressive reform",2089,63217056.604217,90746832.4776437,16334429.8459759,0.745,12169150.235252
"RCP 6.0","Progressive reform",2090,63148010.9156654,90647718.759466,16316589.3767039,0.745,12155859.0856444
"RCP 6.0","Progressive reform",2091,63057691.0352191,90518066.3602476,16293251.9448446,0.745,12138472.6989092
"RCP 6.0","Progressive reform",2092,62941135.6349449,90350753.3920202,16263135.6105636,0.745,12116036.0298699
"RCP 6.0","Progressive reform",2093,62808158.4038599,90159867.2109669,16228776.097974,0.745,12090438.1929907
"RCP 6.0","Progressive reform",2094,62666068.2655858,89955899.6321628,16192061.9337893,0.745,12063086.140673
"RCP 6.0","Progressive reform",2095,62524430.1768022,89752580.9614476,16155464.5730606,0.745,12035821.1069301
"RCP 6.0","Progressive reform",2096,62392588.4662284,89563324.7975943,16121398.463567,0.745,12010441.8553574
"RCP 6.0","Progressive reform",2097,62279787.44784,89401401.1701928,16092252.2106347,0.745,11988727.8969229
"RCP 6.0","Progressive reform",2098,62192134.551307,89275577.1735513,16069603.8912392,0.745,11971854.8989732
"RCP 6.0","Progressive reform",2099,62136574.4017901,89195821.6795204,16055247.9023137,0.745,11961159.6872237
"RCP 6.0","Progressive reform",2100,62119321.6111674,89171055.6403451,16050790.0152621,0.745,11957838.5613703
"RCP 6.0","Business-as-usual",2012,53403939.3088965,76660296.9899646,13798853.4581936,0.212,2925356.93313705
"RCP 6.0","Business-as-usual",2013,54455457.736766,78169730.8634592,14070551.5554227,0.212,2982956.9297496
"RCP 6.0","Business-as-usual",2014,57435719.1379409,82447837.0683274,14840610.6722989,0.212,3146209.46252737
"RCP 6.0","Business-as-usual",2015,59641378.9294819,85614018.0067847,15410523.2412212,0.212,3267030.9271389
"RCP 6.0","Business-as-usual",2016,59362548.6341632,85213762.6412527,15338477.2754255,0.212,3251757.1823902
"RCP 6.0","Business-as-usual",2017,59014315.2740787,84713880.5510668,15248498.499192,0.212,3232681.68182871
"RCP 6.0","Business-as-usual",2018,58962118.8845932,84638953.6679278,15235011.660227,0.212,3229822.47196812
"RCP 6.0","Business-as-usual",2019,58924873.1348393,84585488.1319636,15225387.8637534,0.212,3227782.22711573
"RCP 6.0","Business-as-usual",2020,58875941.178385,84515247.2777751,15212744.5099995,0.212,3225101.8361199
"RCP 6.0","Business-as-usual",2021,58530286.1805159,84019066.3754742,15123431.9475854,0.212,3206167.5728881
"RCP 6.0","Business-as-usual",2022,58253571.8694075,83621848.4633602,15051932.7234048,0.212,3191009.73736183
"RCP 6.0","Business-as-usual",2023,58022939.1790081,83290779.8049351,14992340.3648883,0.212,3178376.15735632
"RCP 6.0","Business-as-usual",2024,57823279.6719683,83004172.5376695,14940751.0567805,0.212,3167439.22403747
"RCP 6.0","Business-as-usual",2025,57644495.0425584,82747530.7437275,14894555.533871,0.212,3157645.77318064
"RCP 6.0","Business-as-usual",2026,57431075.270489,82441170.8885915,14839410.7599465,0.212,3145955.08110865
"RCP 6.0","Business-as-usual",2027,57247590.660832,82177782.3661074,14792000.8258993,0.212,3135904.17509066
"RCP 6.0","Business-as-usual",2028,57084267.1530394,81943334.7059751,14749800.2470755,0.212,3126957.65238001
"RCP 6.0","Business-as-usual",2029,56933172.8366976,81726441.8079201,14710759.5254256,0.212,3118681.01939023
"RCP 6.0","Business-as-usual",2030,56787875.8119086,81517870.8070496,14673216.7452689,0.212,3110721.94999701
"RCP 6.0","Business-as-usual",2031,56545762.809802,81170322.3885843,14610658.0299452,0.212,3097459.50234838
"RCP 6.0","Business-as-usual",2032,56329236.3779913,80859502.9849299,14554710.5372874,0.212,3085598.63390493
"RCP 6.0","Business-as-usual",2033,56126556.915994,80568560.6321456,14502340.9137862,0.212,3074496.27372268
"RCP 6.0","Business-as-usual",2034,55943111.641611,80305228.5746682,14454941.1434403,0.212,3064447.52240934
"RCP 6.0","Business-as-usual",2035,55776636.7377324,80066257.147881,14411926.2866186,0.212,3055328.37276314
"RCP 6.0","Business-as-usual",2036,55618552.0797283,79839329.7528427,14371079.3555117,0.212,3046668.82336848
"RCP 6.0","Business-as-usual",2037,55473639.9860274,79631311.312924,14333636.0363263,0.212,3038730.83970118
"RCP 6.0","Business-as-usual",2038,55339318.2702615,79438495.1507444,14298929.127134,0.212,3031372.9749524
"RCP 6.0","Business-as-usual",2039,55212710.2401942,79256751.8315833,14266215.329685,0.212,3024437.64989322
"RCP 6.0","Business-as-usual",2040,55091248.781431,79082396.31358,14234831.3364444,0.212,3017784.24332621
"RCP 6.0","Business-as-usual",2041,54968677.0264656,78906446.9873724,14203160.457727,0.212,3011070.01703813
"RCP 6.0","Business-as-usual",2042,54848100.1822719,78733361.3160602,14172005.0368908,0.212,3004465.06782086
"RCP 6.0","Business-as-usual",2043,54728671.9298575,78561924.4254944,14141146.396589,0.212,2997923.03607687
"RCP 6.0","Business-as-usual",2044,54609893.6109065,78391420.5015408,14110455.6902773,0.212,2991416.60633879
"RCP 6.0","Business-as-usual",2045,54491273.9501628,78221144.3283007,14079805.9790941,0.212,2984918.86756795
"RCP 6.0","Business-as-usual",2046,54356236.0950511,78027300.1622763,14044914.0292097,0.212,2977521.77419247
"RCP 6.0","Business-as-usual",2047,54222807.8154125,77835766.5099591,14010437.9717926,0.212,2970212.85002004
"RCP 6.0","Business-as-usual",2048,54089515.2896218,77644427.7296015,13975996.9913283,0.212,2962911.36216159
"RCP 6.0","Business-as-usual",2049,53954733.2187357,77450950.736766,13941171.1326179,0.212,2955528.28011499
"RCP 6.0","Business-as-usual",2050,53816937.7642319,77253148.09144,13905566.6564592,0.212,2947980.13116935
"RCP 6.0","Business-as-usual",2051,53644953.7392041,77006268.4303742,13861128.3174674,0.212,2938559.20330308
"RCP 6.0","Business-as-usual",2052,53475264.3972438,76762682.7413961,13817282.8934513,0.212,2929263.97341168
"RCP 6.0","Business-as-usual",2053,53307146.0102021,76521352.1270842,13773843.3828751,0.212,2920054.79716953
"RCP 6.0","Business-as-usual",2054,53140971.6029311,76282812.0572246,13730906.1703004,0.212,2910952.10810369
"RCP 6.0","Business-as-usual",2055,52977691.7255131,76048427.0276305,13688716.8649735,0.212,2902007.97537438
"RCP 6.0","Business-as-usual",2056,52818253.8700122,75819557.1443913,13647520.2859904,0.212,2893274.30062997
"RCP 6.0","Business-as-usual",2057,52664178.1723165,75598384.5324615,13607709.2158431,0.212,2884834.35375873
"RCP 6.0","Business-as-usual",2058,52515372.8372684,75384777.4217109,13569259.935908,0.212,2876683.10641249
"RCP 6.0","Business-as-usual",2059,52370991.1675376,75177520.3948939,13531953.6710809,0.212,2868774.17826915
"RCP 6.0","Business-as-usual",2060,52229909.9871134,74975001.1550967,13495500.2079174,0.212,2861046.04407849
"RCP 6.0","Business-as-usual",2061,52082041.9087217,74762739.45771,13457293.1023878,0.212,2852946.13770621
"RCP 6.0","Business-as-usual",2062,51937151.1632337,74554751.6627281,13419855.2992911,0.212,2845009.3234497
"RCP 6.0","Business-as-usual",2063,51793233.3546299,74348160.4993704,13382668.8898867,0.212,2837125.80465598
"RCP 6.0","Business-as-usual",2064,51648159.2113782,74139909.4405316,13345183.6992957,0.212,2829178.94425069
"RCP 6.0","Business-as-usual",2065,51499758.5659815,73926883.2537588,13306838.9856766,0.212,2821049.86496344
"RCP 6.0","Business-as-usual",2066,51343622.7233865,73702753.3446359,13266495.6020345,0.212,2812497.06763131
"RCP 6.0","Business-as-usual",2067,51180344.9843825,73468371.384693,13224306.8492447,0.212,2803553.05203988
"RCP 6.0","Business-as-usual",2068,51009217.9020789,73222721.8479324,13180089.9326278,0.212,2794179.0657171
"RCP 6.0","Business-as-usual",2069,50830502.2407226,72966179.0562652,13133912.2301277,0.212,2784389.39278708
"RCP 6.0","Business-as-usual",2070,50645094.919688,72700030.5196859,13086005.4935435,0.212,2774233.16463121
"RCP 6.0","Business-as-usual",2071,50445370.3549007,72413329.8633125,13034399.3753963,0.212,2763292.66758401
"RCP 6.0","Business-as-usual",2072,50246103.0816711,72127285.6399117,12982911.4151841,0.212,2752377.22001903
"RCP 6.0","Business-as-usual",2073,50050250.862658,71846143.6591891,12932305.858654,0.212,2741648.84203466
"RCP 6.0","Business-as-usual",2074,49861151.9279348,71574695.8842878,12883445.2591718,0.212,2731290.39494442
"RCP 6.0","Business-as-usual",2075,49682100.3265756,71317670.8574011,12837180.7543322,0.212,2721482.31991843
"RCP 6.0","Business-as-usual",2076,49510253.1420775,71070987.628205,12792777.7730769,0.212,2712068.8878923
"RCP 6.0","Business-as-usual",2077,49355876.2636646,70849382.6773218,12752888.8819179,0.212,2703612.4429666
"RCP 6.0","Business-as-usual",2078,49215396.6991849,70647727.0452953,12716590.8681532,0.212,2695917.26404847
"RCP 6.0","Business-as-usual",2079,49084324.390389,70459575.3424531,12682723.5616416,0.212,2688737.39506801
"RCP 6.0","Business-as-usual",2080,48958109.5429045,70278396.4291011,12650111.3572382,0.212,2681823.6077345
"RCP 6.0","Business-as-usual",2081,48815885.795922,70074237.0576426,12613362.6703757,0.212,2674032.88611964
"RCP 6.0","Business-as-usual",2082,48673207.5564758,69869425.2712559,12576496.5488261,0.212,2666217.26835112
"RCP 6.0","Business-as-usual",2083,48531361.3569171,69665807.8616454,12539845.4150962,0.212,2658447.22800039
"RCP 6.0","Business-as-usual",2084,48393353.4544612,69467700.2514927,12504186.0452687,0.212,2650887.44159696
"RCP 6.0","Business-as-usual",2085,48262472.0711016,69279822.6183321,12470368.0712998,0.212,2643718.03111555
"RCP 6.0","Business-as-usual",2086,48129006.5948962,69088235.5710801,12435882.4027944,0.212,2636407.06939242
"RCP 6.0","Business-as-usual",2087,48011086.7833675,68918964.0175249,12405413.5231545,0.212,2629947.66690875
"RCP 6.0","Business-as-usual",2088,47904265.5855666,68765624.3041214,12377812.3747419,0.212,2624096.22344527
"RCP 6.0","Business-as-usual",2089,47801873.1974435,68618642.0592793,12351355.5706703,0.212,2618487.3809821
"RCP 6.0","Business-as-usual",2090,47696891.2473509,68467942.5495273,12324229.6589149,0.212,2612736.68768996
"RCP 6.0","Business-as-usual",2091,47577174.1727399,68296091.0604195,12293296.3908755,0.212,2606178.83486561
"RCP 6.0","Business-as-usual",2092,47443873.5685247,68104740.6836436,12258853.3230559,0.212,2598876.90448784
"RCP 6.0","Business-as-usual",2093,47299145.3522568,67896986.1961375,12221457.5153047,0.212,2590948.99324461
"RCP 6.0","Business-as-usual",2094,47148776.8170374,67681135.1425066,12182604.3256512,0.212,2582712.11703805
"RCP 6.0","Business-as-usual",2095,46999240.3738492,67466478.5405034,12143966.1372906,0.212,2574520.82110561
"RCP 6.0","Business-as-usual",2096,46855697.4617118,67260425.5335968,12106876.5960474,0.212,2566657.83836205
"RCP 6.0","Business-as-usual",2097,46727394.8319469,67076249.6501385,12073724.9370249,0.212,2559629.68664929
"RCP 6.0","Business-as-usual",2098,46617997.2134444,66919211.5358547,12045458.0764538,0.212,2553637.11220821
"RCP 6.0","Business-as-usual",2099,46531744.5800928,66795397.589272,12023171.566069,0.212,2548912.37200662
"RCP 6.0","Business-as-usual",2100,46472777.1333982,66710750.9876384,12007935.1777749,0.212,2545682.25768828
"RCP 8.5","Progressive reform",2012,115955213.576537,166451412.112051,29961254.1801693,0.745,22321134.3642261
"RCP 8.5","Progressive reform",2013,38718584.3375666,55579760.8333807,10004356.9500085,0.745,7453245.92775635
"RCP 8.5","Progressive reform",2014,41478338.7310871,59541333.5968229,10717440.0474281,0.745,7984492.83533395
"RCP 8.5","Progressive reform",2015,42096913.9043409,60429286.0045651,10877271.4808217,0.745,8103567.25321218
"RCP 8.5","Progressive reform",2016,43495857.6937947,62437442.1024044,11238739.5784328,0.745,8372860.98593243
"RCP 8.5","Progressive reform",2017,44784464.0644369,64287211.0212326,11571697.9838219,0.745,8620914.99794729
"RCP 8.5","Progressive reform",2018,46176160.7382241,66284964.0280918,11931293.5250565,0.745,8888813.67616711
"RCP 8.5","Progressive reform",2019,47438100.1273541,68096453.0232103,12257361.5441778,0.745,9131734.3504125
"RCP 8.5","Progressive reform",2020,48661117.0114727,69852069.5334076,12573372.5160134,0.745,9367162.52442996
"RCP 8.5","Progressive reform",2021,49881153.2100702,71603407.3285842,12888613.3191452,0.745,9602016.92276314
"RCP 8.5","Progressive reform",2022,51133388.3205573,73400966.0239447,13212173.88431,0.745,9843069.54381098
"RCP 8.5","Progressive reform",2023,52453501.4008331,75295962.2003301,13553273.1960594,0.745,10097188.5310643
"RCP 8.5","Progressive reform",2024,53850972.0110175,77302003.5785105,13914360.6441319,0.745,10366198.6798783
"RCP 8.5","Progressive reform",2025,55316587.8010236,79405866.0124252,14293055.8822365,0.745,10648326.6322662
"RCP 8.5","Progressive reform",2026,56815594.6931604,81557660.7119984,14680378.9281597,0.745,10936882.301479
"RCP 8.5","Progressive reform",2027,58292911.3934284,83678319.5708087,15062097.5227456,0.745,11221262.6544455
"RCP 8.5","Progressive reform",2028,59692401.8845367,85687260.4480433,15423706.8806478,0.745,11490661.6260826
"RCP 8.5","Progressive reform",2029,60950874.0360621,87493772.2922633,15748879.0126074,0.745,11732914.8643925
"RCP 8.5","Progressive reform",2030,62037804.6221331,89054039.6173705,16029727.1311267,0.745,11942146.7126894
"RCP 8.5","Progressive reform",2031,62949124.4505978,90362221.1786381,16265199.8121549,0.745,12117573.8600554
"RCP 8.5","Progressive reform",2032,63697468.6282559,91436454.4215858,16458561.7958854,0.745,12261628.5379347
"RCP 8.5","Progressive reform",2033,64299203.9268738,92300233.5228722,16614042.034117,0.745,12377461.3154172
"RCP 8.5","Progressive reform",2034,64774805.5168349,92982950.1839866,16736931.0331176,0.745,12469013.6196726
"RCP 8.5","Progressive reform",2035,65140903.0506198,93508475.9416448,16831525.6694961,0.745,12539486.6237746
"RCP 8.5","Progressive reform",2036,65408605.1615108,93892757.018871,16900696.2633968,0.745,12591018.7162306
"RCP 8.5","Progressive reform",2037,65588268.4211938,94150660.0691651,16947118.8124497,0.745,12625603.515275
"RCP 8.5","Progressive reform",2038,65705122.8529039,94318402.2910951,16977312.4123971,0.745,12648097.7472359
"RCP 8.5","Progressive reform",2039,65779994.7923896,94425879.4770755,16996658.3058736,0.745,12662510.4378758
"RCP 8.5","Progressive reform",2040,65833285.1209163,94502376.6880381,17010427.8038469,0.745,12672768.7138659
"RCP 8.5","Progressive reform",2041,65884634.098355,94576087.1279706,17023695.6830347,0.745,12682653.2838609
"RCP 8.5","Progressive reform",2042,65946215.067042,94664485.3886526,17039607.3699575,0.745,12694507.4906183
"RCP 8.5","Progressive reform",2043,66003803.1408301,94747151.9278031,17054487.3470046,0.745,12705593.0735184
"RCP 8.5","Progressive reform",2044,66046012.5301262,94807742.6700045,17065393.6806008,0.745,12713718.2920476
"RCP 8.5","Progressive reform",2045,66059021.0450963,94826416.1355561,17068754.9044001,0.745,12716222.4037781
"RCP 8.5","Progressive reform",2046,66029013.3329344,94783340.6591758,17061001.3186516,0.745,12710445.9823955
"RCP 8.5","Progressive reform",2047,65945952.3575452,94664108.2743739,17039539.4893873,0.745,12694456.9195935
"RCP 8.5","Progressive reform",2048,65818499.267094,94481151.8877717,17006607.3397989,0.745,12669922.4681502
"RCP 8.5","Progressive reform",2049,65656453.3479328,94248538.1808118,16964736.8725461,0.745,12638728.9700469
"RCP 8.5","Progressive reform",2050,65472977.0507089,93985161.5906609,16917329.086319,0.745,12603410.1693076
"RCP 8.5","Progressive reform",2051,65282246.8104435,93711372.1089686,16868046.9796143,0.745,12566694.9998127
"RCP 8.5","Progressive reform",2052,65098207.0332855,93447186.6545342,16820493.5978162,0.745,12531267.730373
"RCP 8.5","Progressive reform",2053,64929424.3550508,93204902.4633739,16776882.4434073,0.745,12498777.4203384
"RCP 8.5","Progressive reform",2054,64779943.0155076,92990324.9615615,16738258.4930811,0.745,12470002.5773454
"RCP 8.5","Progressive reform",2055,64651692.6143552,92806224.0512419,16705120.3292235,0.745,12445314.6452715
"RCP 8.5","Progressive reform",2056,64545146.682276,92653279.4763292,16677590.3057393,0.745,12424804.7777757
"RCP 8.5","Progressive reform",2057,64457599.8014308,92527607.6631074,16654969.3793593,0.745,12407952.1876227
"RCP 8.5","Progressive reform",2058,64377265.8618224,92412289.8841485,16634212.1791467,0.745,12392488.0734643
"RCP 8.5","Progressive reform",2059,64294214.0099211,92293070.5959328,16612752.7072679,0.745,12376500.7669146
"RCP 8.5","Progressive reform",2060,64197608.4197755,92154395.1849558,16587791.133292,0.745,12357904.3943026
"RCP 8.5","Progressive reform",2061,64077418.8950139,91981865.5030158,16556735.7905428,0.745,12334768.1639544
"RCP 8.5","Progressive reform",2062,63926334.9467886,91764987.4881867,16517697.7478736,0.745,12305684.8221658
"RCP 8.5","Progressive reform",2063,63749031.6137872,91510472.0658958,16471884.9718612,0.745,12271554.3040366
"RCP 8.5","Progressive reform",2064,63552247.8614286,91227992.8875088,16421038.7197516,0.745,12233673.8462149
"RCP 8.5","Progressive reform",2065,63345648.9569816,90931424.2527289,16367656.3654912,0.745,12193903.9922909
"RCP 8.5","Progressive reform",2066,63138351.6663755,90633853.0984521,16314093.5577214,0.745,12153999.7005024
"RCP 8.5","Progressive reform",2067,62939496.0431386,90348399.7904612,16262711.962283,0.745,12115720.4119008
"RCP 8.5","Progressive reform",2068,62751026.5490338,90077855.5650989,16214014.0017178,0.745,12079440.4312798
"RCP 8.5","Progressive reform",2069,62572458.4269334,89821524.5631109,16167874.42136,0.745,12045066.4439132
"RCP 8.5","Progressive reform",2070,62403755.6252739,89579355.0331919,16124283.9059745,0.745,12012591.509951
"RCP 8.5","Progressive reform",2071,62241330.4499535,89346196.9115281,16082315.4440751,0.745,11981325.0058359
"RCP 8.5","Progressive reform",2072,62081942.1888176,89117398.2200175,16041131.6796031,0.745,11950643.1013043
"RCP 8.5","Progressive reform",2073,61918888.4467679,88883337.8032651,15999000.8045877,0.745,11919255.5994178
"RCP 8.5","Progressive reform",2074,61745440.0154958,88634356.0160442,15954184.082888,0.745,11885867.1417515
"RCP 8.5","Progressive reform",2075,61553082.03401,88358229.9440743,15904481.3899334,0.745,11848838.6355004
"RCP 8.5","Progressive reform",2076,61332700.5653978,88041876.7114564,15847537.8080621,0.745,11806415.6670063
"RCP 8.5","Progressive reform",2077,61076977.3396772,87674791.0866005,15781462.3955881,0.745,11757189.4847131
"RCP 8.5","Progressive reform",2078,60792284.8052835,87266120.5930025,15707901.7067404,0.745,11702386.7715216
"RCP 8.5","Progressive reform",2079,60489064.682388,86830854.1131263,15629553.7403627,0.745,11644017.5365702
"RCP 8.5","Progressive reform",2080,60184310.8878548,86393386.077995,15550809.4940391,0.745,11585353.0730591
"RCP 8.5","Progressive reform",2081,59899485.0734213,85984524.2635401,15477214.3674372,0.745,11530524.7037407
"RCP 8.5","Progressive reform",2082,59650017.0235591,85626417.819719,15412755.2075494,0.745,11482502.6296243
"RCP 8.5","Progressive reform",2083,59418552.5601412,85294155.1676026,15352947.9301685,0.745,11437946.2079755
"RCP 8.5","Progressive reform",2084,59179346.810089,84950780.051871,15291140.4093368,0.745,11391899.6049559
"RCP 8.5","Progressive reform",2085,58897446.4582728,84546117.6810522,15218301.1825894,0.745,11337634.3810291
"RCP 8.5","Progressive reform",2086,58534589.2969626,84025243.4138922,15124543.8145006,0.745,11267785.1418029
"RCP 8.5","Progressive reform",2087,58057773.3256819,83340783.5324496,15001341.0358409,0.745,11175999.0717015
"RCP 8.5","Progressive reform",2088,57472655.7563325,82500858.8523447,14850154.593422,0.745,11063365.1720994
"RCP 8.5","Progressive reform",2089,56794728.413021,81527707.5802021,14674987.3644364,0.745,10932865.5865051
"RCP 8.5","Progressive reform",2090,56055279.3933323,80466243.1603137,14483923.7688565,0.745,10790523.2077981
"RCP 8.5","Progressive reform",2091,55295012.8750503,79374895.633572,14287481.214043,0.745,10644173.504462
"RCP 8.5","Progressive reform",2092,54513903.5893561,78253628.7270882,14085653.1708759,0.745,10493811.6123025
"RCP 8.5","Progressive reform",2093,53715254.5155779,77107183.8022586,13879293.0844065,0.745,10340073.3478829
"RCP 8.5","Progressive reform",2094,52905698.9588989,75945082.8372732,13670114.9107092,0.745,10184235.6084783
"RCP 8.5","Progressive reform",2095,52084993.8896867,74766976.967909,13458055.8542236,0.745,10026251.6113966
"RCP 8.5","Progressive reform",2096,51253914.1530626,73573978.4689887,13243316.124418,0.745,9866270.51269138
"RCP 8.5","Progressive reform",2097,50413053.7871465,72366940.0704659,13026049.2126839,0.745,9704406.66344947
"RCP 8.5","Progressive reform",2098,49566996.907428,71152442.1793185,12807439.5922773,0.745,9541542.49624661
"RCP 8.5","Progressive reform",2099,48715988.0344886,69930835.7999973,12587550.4439995,0.745,9377725.08077964
"RCP 8.5","Progressive reform",2100,47860521.606879,68702830.6892475,12366509.5240645,0.745,9213049.59542808
"RCP 8.5","Business-as-usual",2012,53403939.3088965,76660296.9899646,13798853.4581936,0.212,2925356.93313705
"RCP 8.5","Business-as-usual",2013,55399581.8118941,79525002.270987,14314500.4087777,0.212,3034674.08666087
"RCP 8.5","Business-as-usual",2014,57363843.5399827,82344661.0712546,14822038.9928258,0.212,3142272.26647908
"RCP 8.5","Business-as-usual",2015,59435795.7271886,85318907.3923262,15357403.3306187,0.212,3255769.50609117
"RCP 8.5","Business-as-usual",2016,59348522.0110744,85193627.7016645,15334852.9862996,0.212,3250988.83309552
"RCP 8.5","Business-as-usual",2017,59477495.9998965,85378767.3077503,15368178.1153951,0.212,3258053.76046375
"RCP 8.5","Business-as-usual",2018,59724294.20674,85733041.2448054,15431947.424065,0.212,3271572.85390177
"RCP 8.5","Business-as-usual",2019,60034305.0857686,86178055.7205914,15512050.0297064,0.212,3288554.60629777
"RCP 8.5","Business-as-usual",2020,60371877.0175904,86662633.5417003,15599274.0375061,0.212,3307046.09595129
"RCP 8.5","Business-as-usual",2021,60618079.961061,87016052.9899753,15662889.5381955,0.212,3320532.58209746
"RCP 8.5","Business-as-usual",2022,60882143.2151054,87395110.5602809,15731119.9008506,0.212,3334997.41898032
"RCP 8.5","Business-as-usual",2023,61143636.3623772,87770478.7932262,15798686.1827807,0.212,3349321.47074951
"RCP 8.5","Business-as-usual",2024,61389283.2954673,88123100.099614,15862158.0179305,0.212,3362777.49980127
"RCP 8.5","Business-as-usual",2025,61618127.0438722,88451600.7672435,15921288.1381038,0.212,3375313.08527801
"RCP 8.5","Business-as-usual",2026,61791329.8355843,88700229.9437418,15966041.3898735,0.212,3384800.77465319
"RCP 8.5","Business-as-usual",2027,61947975.594159,88925091.8271527,16006516.5288875,0.212,3393381.50412415
"RCP 8.5","Business-as-usual",2028,62085809.164646,89122949.1872175,16042130.8536992,0.212,3400931.74098422
"RCP 8.5","Business-as-usual",2029,62203399.0344452,89291747.115956,16072514.4808721,0.212,3407373.06994488
"RCP 8.5","Business-as-usual",2030,62299578.1648051,89429810.3523585,16097365.8634245,0.212,3412641.563046
"RCP 8.5","Business-as-usual",2031,62342069.9048807,89490806.4035107,16108345.1526319,0.212,3414969.17235797
"RCP 8.5","Business-as-usual",2032,62380930.9182817,89546590.6184433,16118386.3113198,0.212,3417097.8979998
"RCP 8.5","Business-as-usual",2033,62400952.7826498,89575331.608127,16123559.6894629,0.212,3418194.65416613
"RCP 8.5","Business-as-usual",2034,62392673.1401347,89563446.3453095,16121420.3421557,0.212,3417741.11253701
"RCP 8.5","Business-as-usual",2035,62347733.3861176,89498936.2186374,16109808.5193547,0.212,3415279.4061032
"RCP 8.5","Business-as-usual",2036,62216598.9627374,89310695.3515398,16075925.1632772,0.212,3408096.13461476
"RCP 8.5","Business-as-usual",2037,62045920.293102,89065689.5022817,16031824.1104107,0.212,3398746.71140707
"RCP 8.5","Business-as-usual",2038,61842537.5077273,88773737.5427215,15979272.7576899,0.212,3387605.82463025
"RCP 8.5","Business-as-usual",2039,61618742.2737694,88452483.9175737,15921447.1051633,0.212,3375346.78629461
"RCP 8.5","Business-as-usual",2040,61387768.4951481,88120925.6337628,15861766.6140773,0.212,3362694.52218439
"RCP 8.5","Business-as-usual",2041,61108288.0655765,87719737.0133893,15789552.6624101,0.212,3347385.16443094
"RCP 8.5","Business-as-usual",2042,60858261.3156201,87360828.5666505,15724949.1419971,0.212,3333689.21810338
"RCP 8.5","Business-as-usual",2043,60632544.9487196,87036817.1932197,15666627.0947796,0.212,3321324.94409326
"RCP 8.5","Business-as-usual",2044,60420787.9713854,86732844.2469874,15611911.9644577,0.212,3309725.33646504
"RCP 8.5","Business-as-usual",2045,60211683.0022365,86432678.205971,15557882.0770748,0.212,3298271.00033985
"RCP 8.5","Business-as-usual",2046,59944978.9365809,86049829.8029098,15488969.3645238,0.212,3283661.50527904
"RCP 8.5","Business-as-usual",2047,59670376.2156904,85655643.0367247,15418015.7466104,0.212,3268619.33828141
"RCP 8.5","Business-as-usual",2048,59383570.4455792,85243939.0351156,15343909.0263208,0.212,3252908.71358001
"RCP 8.5","Business-as-usual",2049,59084520.2167189,84814658.3555249,15266638.5039945,0.212,3236527.36284683
"RCP 8.5","Business-as-usual",2050,58775033.1650846,84370395.8235869,15186671.2482456,0.212,3219574.30462808
"RCP 8.5","Business-as-usual",2051,58444593.6579699,83896056.4568576,15101290.1622344,0.212,3201473.51439369
"RCP 8.5","Business-as-usual",2052,58116924.2916502,83425693.5723654,15016624.8430258,0.212,3183524.46672146
"RCP 8.5","Business-as-usual",2053,57794920.5729495,82963463.6127983,14933423.4503037,0.212,3165885.77146438
"RCP 8.5","Business-as-usual",2054,57481803.7178817,82513990.5699349,14852518.3025883,0.212,3148733.88014872
"RCP 8.5","Business-as-usual",2055,57180567.2065444,82081571.5251569,14774682.8745282,0.212,3132232.76939999
"RCP 8.5","Business-as-usual",2056,56837875.2826524,81589644.056854,14686135.9302337,0.212,3113460.81720955
"RCP 8.5","Business-as-usual",2057,56524068.7489275,81139180.9939404,14605052.5789093,0.212,3096271.14672876
"RCP 8.5","Business-as-usual",2058,56233494.1623994,80722066.9310221,14529972.047584,0.212,3080354.0740878
"RCP 8.5","Business-as-usual",2059,55958684.5455605,80327583.1698015,14458964.9705643,0.212,3065300.57375962
"RCP 8.5","Business-as-usual",2060,55691947.0772647,79944686.8179119,14390043.6272241,0.212,3050689.24897152
"RCP 8.5","Business-as-usual",2061,55406133.6338871,79534407.2816718,14316193.3107009,0.212,3035032.9818686
"RCP 8.5","Business-as-usual",2062,55122635.9900409,79127452.0297848,14242941.3653613,0.212,3019503.56945659
"RCP 8.5","Business-as-usual",2063,54837850.881043,78718648.6471763,14169356.7564917,0.212,3003903.63237625
"RCP 8.5","Business-as-usual",2064,54552160.2203609,78308545.3630633,14095538.1653514,0.212,2988254.09105449
"RCP 8.5","Business-as-usual",2065,54267201.162393,77899492.2801541,14021908.6104277,0.212,2972644.62541068
"RCP 8.5","Business-as-usual",2066,53982211.3442156,77490395.0415734,13948271.1074832,0.212,2957033.47478644
"RCP 8.5","Business-as-usual",2067,53706006.9950954,77093909.1697916,13876903.6505625,0.212,2941903.57391925
"RCP 8.5","Business-as-usual",2068,53437522.6418418,76708505.1991495,13807530.9358469,0.212,2927196.55839954
"RCP 8.5","Business-as-usual",2069,53176671.0092053,76334057.8477553,13740130.412596,0.212,2912907.64747034
"RCP 8.5","Business-as-usual",2070,52923032.9141473,75969965.3866609,13674593.769599,0.212,2899013.87915498
"RCP 8.5","Business-as-usual",2071,52667840.9587124,75603642.389776,13608655.6301597,0.212,2885034.99359385
"RCP 8.5","Business-as-usual",2072,52421033.0247488,75249354.4896328,13544883.8081339,0.212,2871515.36732439
"RCP 8.5","Business-as-usual",2073,52178871.2890669,74901736.1150855,13482312.5007154,0.212,2858250.25015166
"RCP 8.5","Business-as-usual",2074,51937484.5131636,74555230.1799492,13419941.4323908,0.212,2845027.58366686
"RCP 8.5","Business-as-usual",2075,51692066.9599619,74202938.1438473,13356528.8658925,0.212,2831584.11956921
"RCP 8.5","Business-as-usual",2076,51422925.995839,73816591.6213091,13286986.4918356,0.212,2816841.13626915
"RCP 8.5","Business-as-usual",2077,51170305.0581717,73453959.2694999,13221712.66851,0.212,2803003.08572412
"RCP 8.5","Business-as-usual",2078,50907597.9707491,73076848.4495153,13153832.7209128,0.212,2788612.5368335
"RCP 8.5","Business-as-usual",2079,50637991.3444035,72689833.478081,13084170.0260546,0.212,2773844.04552357
"RCP 8.5","Business-as-usual",2080,50366711.865665,72300417.1601744,13014075.0888314,0.212,2758983.91883226
"RCP 8.5","Business-as-usual",2081,50092097.4515671,71906213.6086217,12943118.4495519,0.212,2743941.111305
"RCP 8.5","Business-as-usual",2082,49836004.326114,71538597.0000273,12876947.4600049,0.212,2729912.86152104
"RCP 8.5","Business-as-usual",2083,49593223.4922275,71190089.922271,12814216.1860088,0.212,2716613.83143386
"RCP 8.5","Business-as-usual",2084,49352248.178552,70844174.633012,12751951.4339422,0.212,2703413.70399574
"RCP 8.5","Business-as-usual",2085,49098069.4031249,70479306.0359581,12686275.0864725,0.212,2689490.31833216
"RCP 8.5","Business-as-usual",2086,48811978.3480543,70068627.993632,12612353.0388538,0.212,2673818.844237
"RCP 8.5","Business-as-usual",2087,48478215.2273002,69589517.6453614,12526113.176165,0.212,2655535.99334699
"RCP 8.5","Business-as-usual",2088,48092259.2786794,69035485.5265849,12426387.3947853,0.212,2634394.12769448
"RCP 8.5","Business-as-usual",2089,47655697.803816,68408810.1773411,12313585.8319214,0.212,2610480.19636733
"RCP 8.5","Business-as-usual",2090,47168393.1762932,67709294.0376344,12187672.9267742,0.212,2583786.66047613
"RCP 8.5","Business-as-usual",2091,46441917.4786973,66666452.5646194,11999961.4616315,0.212,2543991.82986588
"RCP 8.5","Business-as-usual",2092,45985618.0752475,66011443.8098818,11882059.8857787,0.212,2518996.69578509
"RCP 8.5","Business-as-usual",2093,45523044.6587267,65347428.8336637,11762537.1900595,0.212,2493657.88429261
"RCP 8.5","Business-as-usual",2094,45052498.2694182,64671968.812947,11640954.3863305,0.212,2467882.32990206
"RCP 8.5","Business-as-usual",2095,44571539.789168,63981562.4419382,11516681.2395489,0.212,2441536.42278436
"RCP 8.5","Business-as-usual",2096,44031264.6125383,63206008.1282917,11377081.4630925,0.212,2411941.27017561
"RCP 8.5","Business-as-usual",2097,43488997.8189019,62427594.8878842,11236967.0798192,0.212,2382237.02092166
"RCP 8.5","Business-as-usual",2098,42942031.8338292,61642436.0512569,11095638.4892262,0.212,2352275.35971596
"RCP 8.5","Business-as-usual",2099,42388769.1566558,60848238.4378515,10952682.9188133,0.212,2321968.77878841
"RCP 8.5","Business-as-usual",2100,41829251.9821204,60045062.6173794,10808111.2711283,0.212,2291319.5894792
