"class","isscaap","order","family","genus","species","comm_name","gentry","fao","fao_rank","fao_mt_yr","price_usd_mt","linf_cm_fl","k_fl","linf_cm_fb_spp","k_fb_spp","linf_cm_fb_gen","k_fb_gen","linf_cm_fb_fam","k_fb_fam","linf_cm_gentry","k_gentry","temp_c_min","temp_c_max","a_spp","b_spp","a_gen","b_gen","a_fam","b_fam"
"Actinopterygii","Tilapias and other cichlids","Perciformes","Cichlidae","Oreochromis","Oreochromis niloticus","Nile tilapia",FALSE,TRUE,3,832339.4266,1218.3557716863,24.9786523433566,2.02804915838044,29.7754854368932,4.38314563106796,28.0788703529412,3.3407137254902,28.7895760574413,2.48355352480418,NA,NA,NA,NA,0.0262105555555556,2.97272611111111,0.0218481818181818,3.01268340909091,0.0212994146341463,3.01658180487805
"Actinopterygii","Tilapias and other cichlids","Perciformes","Cichlidae","Oreochromis","Oreochromis mossambicus","Mozambique tilapia",FALSE,TRUE,18,33788.192,1055.73652500733,25.3843128092439,1.20687212913515,27.4303346666667,3.93966666666667,28.0788703529412,3.3407137254902,28.7895760574413,2.48355352480418,NA,NA,NA,NA,0.0186633333333333,2.99533333333333,0.0218481818181818,3.01268340909091,0.0212994146341463,3.01658180487805
"Actinopterygii","Miscellaneous pelagic fishes","Perciformes","Coryphaenidae","Coryphaena","Coryphaena hippurus","Common dolphinfish",TRUE,FALSE,NA,NA,NA,144.695149835484,1.25211611781396,169.622222222222,1.42844444444444,159,1.3356,159,1.3356,157.9,1.67,21,30,0.01782,2.75652631578947,0.0176418181818182,2.76127272727273,0.0160162962962963,2.81762962962963
"Actinopterygii","Cods, hakes, haddocks","Gadiformes","Gadidae","Pollachius","Pollachius pollachius","Pollack",TRUE,FALSE,NA,NA,NA,78.6165378437153,0.206110493085961,85.6,0.186,115.869230769231,0.152230769230769,66.92321371875,0.272625,130,0.19,6.5,12.3,0.007724,3.0568,0.00827380952380952,3.0463380952381,0.0100668062827225,3.09233036649215
"Actinopterygii","River eels","Anguilliformes","Anguillidae","Anguilla","Anguilla anguilla","European eel",TRUE,TRUE,47,488.9882,12288.2586435234,73.1566024108071,0.146120183439912,80.521875,0.1467,85.7074285714286,0.151868571428571,85.7074285714286,0.151868571428571,152.8,0.24,4,33,0.00148104166666667,3.13089791666667,0.00149794520547945,3.14588904109589,0.00280928571428571,3.09074047619048
"Actinopterygii","Miscellaneous coastal fishes","Perciformes","Moronidae","Dicentrarchus","Dicentrarchus labrax","European seabass",TRUE,TRUE,6,174792.109,5824.28193210075,74.3314946064423,0.174287101885934,78.1425,0.171690625,77.7517647058824,0.168120588235294,72.126,0.234601666666667,77,0.2,8,24,0.012041875,3.00891875,0.0111083333333333,3.04281666666667,0.0102647826086957,3.0584652173913
"Actinopterygii","Cods, hakes, haddocks","Gadiformes","Gadidae","Gadus","Gadus morhua","Atlantic cod",TRUE,TRUE,35,1411.182,3626.82492368162,105.850737330993,0.168489075342018,111.81875,0.173625,109.101075268817,0.171204301075269,66.92321371875,0.272625,115,0.19,0,15,0.0066725,3.09751428571429,0.00517214285714286,3.0271880952381,0.0100668062827225,3.09233036649215
"Actinopterygii","Miscellaneous pelagic fishes","Perciformes","Carangidae","Caranx","Caranx hippos","Crevalle jack",TRUE,FALSE,NA,NA,NA,50.9481659777412,0.367811974830656,76.2,0.5,82.700324,0.300266666666667,43.6620276351351,0.643,80,0.65,9.6,27.8,0.02745,2.84,0.0166595238095238,2.94372071428571,0.0215239896373057,2.89683816062176
"Actinopterygii","Miscellaneous diadromous fishes","Gonorynchiformes","Chanidae","Chanos","Chanos chanos","Milkfish",TRUE,TRUE,2,1130804.067504,1545.15814022677,50.4815357784325,0.55212572544102,43.3333333333333,1.34666666666667,43.3333333333333,1.34666666666667,43.3333333333333,1.34666666666667,180,1.03,15,42.5,0.00795,2.99,0.00795,2.99,0.006352,3.128822
"Actinopterygii","Miscellaneous pelagic fishes","Perciformes","Scombridae","Scomber","Scomber japonicus","Pacific chub mackerel",FALSE,TRUE,57,188.2,13779.018641832,44.0055606241054,0.290197366382591,43.1756,0.31588,44.5502615384615,0.325849230769231,97.967334281768,0.600909392265193,NA,NA,NA,NA,0.00757923076923077,3.20761538461538,0.0059716,3.21404,0.0120863313609467,3.08036112426036
"Actinopterygii","Tunas, bonitos, billfishes","Perciformes","Scombridae","Thunnus","Thunnus albacares","Yellowfin tuna",TRUE,TRUE,73,46.4806,6952.58965412036,193.630261634018,0.326295550175636,183.359712272727,0.376227272727273,210.166765783133,0.214192771084337,97.967334281768,0.600909392265193,180.6,0.38,15,31,0.03632,2.82666666666667,0.0310116666666667,2.88233333333333,0.0120863313609467,3.08036112426036
"Actinopterygii","Tunas, bonitos, billfishes","Perciformes","Scombridae","Thunnus","Thunnus maccoyii","Southern bluefin tuna",TRUE,TRUE,25,8088.6,13512.2475271964,222.233011504666,0.152479691271264,220.666666666667,0.144,210.166765783133,0.214192771084337,97.967334281768,0.600909392265193,212.7,0.14,5,30,0.0123725,3.0775,0.0310116666666667,2.88233333333333,0.0120863313609467,3.08036112426036
"Actinopterygii","Tunas, bonitos, billfishes","Perciformes","Scombridae","Thunnus","Thunnus thynnus","Atlantic bluefin tuna",TRUE,TRUE,26,5801.2,16945.7092775066,351.105145078083,0.0979841406361893,357.0315005,0.09425,210.166765783133,0.214192771084337,97.967334281768,0.600909392265193,298,0.12,2.8,31,0.0290314285714286,2.92428571428571,0.0310116666666667,2.88233333333333,0.0120863313609467,3.08036112426036
"Actinopterygii","Miscellaneous coastal fishes","Perciformes","Lutjanidae","Lutjanus","Lutjanus guttatus","Spotted rose snapper",FALSE,TRUE,44,508,4500,64.1380046560214,0.213298930449153,79.5,0.4,67.8735425,0.236256944444444,70.7403336040609,0.241532994923858,NA,NA,NA,NA,0.0226,2.86875,0.0181038405797101,2.98771391304348,0.0180305797101449,2.95739787439614
"Actinopterygii","Miscellaneous coastal fishes","Perciformes","Lutjanidae","Lutjanus","Lutjanus malabaricus","Malabar blood snapper",FALSE,TRUE,105,0.275,6619.09090909091,81.8061485513582,0.195345512240219,86.5666666666667,0.200866666666667,67.8735425,0.236256944444444,70.7403336040609,0.241532994923858,NA,NA,NA,NA,0.01658,2.97575,0.0181038405797101,2.98771391304348,0.0180305797101449,2.95739787439614
"Actinopterygii","Miscellaneous coastal fishes","Perciformes","Lutjanidae","Lutjanus","Lutjanus russellii","Russell's snapper",TRUE,TRUE,85,13,11218.9512820513,58.4386194352198,0.232519046156179,NA,NA,67.8735425,0.236256944444444,70.7403336040609,0.241532994923858,45,0.56,23.3,26.4,0.0131166666666667,3.03963,0.0181038405797101,2.98771391304348,0.0180305797101449,2.95739787439614
"Actinopterygii","Miscellaneous coastal fishes","Perciformes","Lutjanidae","Lutjanus","Lutjanus sebae","Emperor red snapper",FALSE,TRUE,97,2.15,9733.33333333333,85.1488468737973,0.185438932508712,91.6080008333333,0.18,67.8735425,0.236256944444444,70.7403336040609,0.241532994923858,NA,NA,NA,NA,0.0129033333333333,3.08511666666667,0.0181038405797101,2.98771391304348,0.0180305797101449,2.95739787439614
"Actinopterygii","Salmons, trouts, smelts","Salmoniformes","Salmonidae","Coregonus","Coregonus lavaretus","European whitefish",TRUE,TRUE,43,634.76,9764.13596829521,37.9496633462298,0.301528505409543,35.9368421052632,0.427263157894737,46.8997854545455,0.297760330578512,57.9463431983806,0.268386639676113,59.7,0.38,4,29.8,0.00927333333333333,3.04486666666667,0.00710529411764706,3.18056764705882,0.0123884242424242,3.07874593939394
"Actinopterygii","Salmons, trouts, smelts","Salmoniformes","Salmonidae","Salmo","Salmo salar","Atlantic salmon",TRUE,TRUE,1,2276398.7768,6193.03124831272,135.859014125423,0.284987921996603,136.5,0.26175,67.552380952381,0.280833333333333,57.9463431983806,0.268386639676113,128.6,0.37,2,28,0.01072,2.99163,0.00808296296296296,3.10327851851852,0.0123884242424242,3.07874593939394
"Actinopterygii","Salmons, trouts, smelts","Salmoniformes","Salmonidae","Salmo","Salmo trutta","Sea trout",TRUE,TRUE,61,173.84,8248.10680170363,53.0298790916034,0.248394680277764,61.7138888888889,0.2805,67.552380952381,0.280833333333333,57.9463431983806,0.268386639676113,69.2,0.29,0,24,0.00706272727272727,3.12394954545455,0.00808296296296296,3.10327851851852,0.0123884242424242,3.07874593939394
"Actinopterygii","Salmons, trouts, smelts","Salmoniformes","Salmonidae","Oncorhynchus","Oncorhynchus mykiss","Rainbow trout",TRUE,TRUE,4,211490.4438,6411.4021118431,57.4613263365179,0.471425397690998,58.8,0.5814,78.45,0.460166666666667,57.9463431983806,0.268386639676113,89.5,0.54,0,29,0.01265,3.033,0.0119797727272727,3.03075,0.0123884242424242,3.07874593939394
"Actinopterygii","Salmons, trouts, smelts","Salmoniformes","Salmonidae","Oncorhynchus","Oncorhynchus gorbuscha","Pink salmon",TRUE,FALSE,NA,NA,NA,74.069836447468,0.376485057236393,NA,NA,78.45,0.460166666666667,57.9463431983806,0.268386639676113,76,0.54,0.3,21,0.02198,3.2,0.0119797727272727,3.03075,0.0123884242424242,3.07874593939394
"Actinopterygii","Salmons, trouts, smelts","Salmoniformes","Salmonidae","Oncorhynchus","Oncorhynchus keta","Chum salmon",TRUE,FALSE,NA,NA,NA,105.013337726141,0.344012808845822,108.25,0.3525,78.45,0.460166666666667,57.9463431983806,0.268386639676113,95,0.35,0,23.7,0.017935,3.1,0.0119797727272727,3.03075,0.0123884242424242,3.07874593939394
"Actinopterygii","Salmons, trouts, smelts","Salmoniformes","Salmonidae","Oncorhynchus","Oncorhynchus nerka","Sockeye salmon",TRUE,FALSE,NA,NA,NA,80.3327562544025,0.385561196143684,74.7,0.477,78.45,0.460166666666667,57.9463431983806,0.268386639676113,84,0.48,0,24.9,0.017385,3,0.0119797727272727,3.03075,0.0123884242424242,3.07874593939394
"Actinopterygii","Salmons, trouts, smelts","Salmoniformes","Salmonidae","Oncorhynchus","Oncorhynchus tshawytscha","Chinook(=Spring=King) salmon",TRUE,TRUE,23,11529.4,10959.16148458,74.069836447468,0.376485057236393,NA,NA,78.45,0.460166666666667,57.9463431983806,0.268386639676113,120.8,0.54,0,24.9,0.01333,3,0.0119797727272727,3.03075,0.0123884242424242,3.07874593939394
"Actinopterygii","Salmons, trouts, smelts","Salmoniformes","Salmonidae","Oncorhynchus","Oncorhynchus kisutch","Coho(=Silver) salmon",TRUE,TRUE,7,149523.6,5412.98621862352,84.0230120416117,0.450649213557803,NA,NA,78.45,0.460166666666667,57.9463431983806,0.268386639676113,98,0.98,0,24.8,0.0112,3,0.0119797727272727,3.03075,0.0123884242424242,3.07874593939394
"Actinopterygii","Salmons, trouts, smelts","Salmoniformes","Salmonidae","Salvelinus","Salvelinus fontinalis","Brook trout",TRUE,FALSE,NA,NA,NA,32.2988558757182,0.260768227923958,29.9,0.316,71.352966875,0.134375,57.9463431983806,0.268386639676113,67.5,0.32,0,25,0.010447,3.0311,0.00952083333333333,3.05316666666667,0.0123884242424242,3.07874593939394
"Actinopterygii","Salmons, trouts, smelts","Salmoniformes","Salmonidae","Salvelinus","Salvelinus alpinus","Arctic char",TRUE,TRUE,30,4120.023,7863.54092221211,NA,NA,61.6,0.055,71.352966875,0.134375,57.9463431983806,0.268386639676113,92.5,0.04,4,22,0.00912,2.89,0.00952083333333333,3.05316666666667,0.0123884242424242,3.07874593939394
"Actinopterygii","Miscellaneous coastal fishes","Perciformes","Lutjanidae","Lutjanus","Lutjanus johnii","John's snapper",TRUE,TRUE,27,5735.23308,5677.4903701572,75.7542565180598,0.194646143407183,79.5,0.207,67.8735425,0.236256944444444,70.7403336040609,0.241532994923858,70,0.21,20.8,26.8,0.0286,2.8585,0.0181038405797101,2.98771391304348,0.0180305797101449,2.95739787439614
"Actinopterygii","River eels","Anguilliformes","Anguillidae","Anguilla","Anguilla japonica","Japanese eel",FALSE,TRUE,72,50,21654.844,92.3533970221595,0.102923838840049,98.2,0.07,85.7074285714286,0.151868571428571,85.7074285714286,0.151868571428571,NA,NA,NA,NA,NA,NA,0.00149794520547945,3.14588904109589,0.00280928571428571,3.09074047619048
"Actinopterygii","River eels","Anguilliformes","Anguillidae","Anguilla","Anguilla rostrata","American eel",TRUE,FALSE,NA,NA,NA,89.6546112046941,0.114847431322886,NA,NA,85.7074285714286,0.151868571428571,85.7074285714286,0.151868571428571,120,0.33,4,25,0.00132111111111111,3.13955555555556,0.00149794520547945,3.14588904109589,0.00280928571428571,3.09074047619048
"Actinopterygii","Miscellaneous demersal fishes","Anguilliformes","Muraenesocidae","Muraenesox","Muraenesox cinereus","Daggertooth pike conger",TRUE,FALSE,NA,NA,NA,76.6878878160041,0.185965330103437,103.35,0.26,103.35,0.26,103.35,0.26,111.2,0.37,10,27.9,NA,NA,NA,NA,0.002164,2.8532
"Actinopterygii","Miscellaneous coastal fishes","Perciformes","Polynemidae","Eleutheronema","Eleutheronema tetradactylum","Fourfinger threadfin",TRUE,TRUE,28,5372.5312,6929.95605795139,46.1105614072144,0.418239523349069,NA,NA,NA,NA,58.9071372222222,0.737055555555556,128.7,0.37,27.6,27.7,0.00673333333333333,3.03666666666667,0.00673333333333333,3.03666666666667,0.00810454545454545,3.09327272727273
"Actinopterygii","Miscellaneous coastal fishes","Perciformes","Centropomidae","Centropomus","Centropomus undecimalis","Common snook",TRUE,FALSE,NA,NA,NA,65.3334141636361,0.366194357901557,105.872726666667,0.376666666666667,91.804545,0.3825,91.804545,0.3825,140,0.4,25,31,0.00957285714285714,2.94571428571429,0.0103377777777778,3.01081481481482,0.0103377777777778,3.01081481481482
"Actinopterygii","Miscellaneous diadromous fishes","Perciformes","Latidae","Lates","Lates calcarifer","Barramundi(=Giant seaperch)",TRUE,TRUE,15,61850.555733,4383.97742418771,109.757210126332,0.209752189208935,123.371428571429,0.389428571428571,105.082352941176,0.308264705882353,105.082352941176,0.308264705882353,176,0.39,15,38,0.01515,2.97585,0.0104510714285714,3.02791428571429,0.0140042424242424,2.99513939393939
"Actinopterygii","Miscellaneous diadromous fishes","Perciformes","Moronidae","Morone","Morone saxatilis","Striped bass",TRUE,TRUE,53,247.858,3852.80442584358,102.425971969124,0.18120220392293,103.27,0.1888,64.7692307692308,0.321538461538462,72.126,0.234601666666667,200,0.19,6.4,25,0.00677,3.09466666666667,0.007085,3.104,0.0102647826086957,3.0584652173913
"Actinopterygii","Miscellaneous pelagic fishes","Perciformes","Pomatomidae","Pomatomus","Pomatomus saltatrix","Bluefish",TRUE,FALSE,NA,NA,NA,99.8537955516183,0.185448659582066,106.8648,0.176,106.8648,0.176,106.8648,0.176,103,0.17,6.1,27.4,0.01608625,2.9284125,0.01608625,2.9284125,0.016419,2.92903
"Actinopterygii","Miscellaneous pelagic fishes","Perciformes","Carangidae","Trachurus","Trachurus japonicus","Japanese jack mackerel",TRUE,TRUE,40,828.8,9479.65924613298,51.7636165589253,0.302014550657006,45.279026,0.363,47.588397173913,0.249326086956522,43.6620276351351,0.643,31.7,0.35,10,29,0.008225,2.99,0.0104327586206897,2.96774712643678,0.0215239896373057,2.89683816062176
"Actinopterygii","Miscellaneous pelagic fishes","Perciformes","Carangidae","Trachinotus","Trachinotus carolinus","Florida pompano",TRUE,TRUE,41,720.6,7399.67417443561,46.8530694772816,0.435093807664701,NA,NA,78.3832166666667,0.31,43.6620276351351,0.643,64,0.27,13.2,25.9,0.02156,2.555,0.022533125,2.799125,0.0215239896373057,2.89683816062176
"Actinopterygii","Miscellaneous pelagic fishes","Perciformes","Carangidae","Seriola","Seriola quinqueradiata","Japanese amberjack",TRUE,TRUE,8,141071,7708.22139217948,118.759435086836,0.27848317177323,116,0.327,150.3572725,0.225375,43.6620276351351,0.643,150,0.44,18,29,0.00814,3,0.0203428571428571,2.91039285714286,0.0215239896373057,2.89683816062176
"Actinopterygii","Miscellaneous pelagic fishes","Perciformes","Carangidae","Seriola","Seriola lalandi","Yellowtail amberjack",FALSE,TRUE,77,32.75,10019.745,120.238313331531,0.210161316629252,143.879075,0.1625,150.3572725,0.225375,43.6620276351351,0.643,NA,NA,NA,NA,0.0321433333333333,2.76833333333333,0.0203428571428571,2.91039285714286,0.0215239896373057,2.89683816062176
"Actinopterygii","Miscellaneous coastal fishes","Perciformes","Moronidae","Dicentrarchus","Dicentrarchus punctatus","Spotted seabass",TRUE,TRUE,101,0.9142,3036.81558100668,59.7069109858673,0.157742853246735,71.5,0.111,77.7517647058824,0.168120588235294,72.126,0.234601666666667,70,0.11,10.5,23.5,0.00364,3.314,0.0111083333333333,3.04281666666667,0.0102647826086957,3.0584652173913
"Actinopterygii","Miscellaneous coastal fishes","Perciformes","Sciaenidae","Argyrosomus","Argyrosomus regius","Meagre",TRUE,TRUE,22,17545.9572,3941.23237851944,136.469758669135,0.126074543560702,150.63333,0.144666666666667,136.985712857143,0.134857142857143,56.7575451046025,0.409405857740586,185.5,0.14,11.9,23,0.01949,2.849,0.015985,2.9288975,0.0132230526315789,3.06909361403509
"Actinopterygii","Miscellaneous coastal fishes","Perciformes","Sciaenidae","Larimichthys","Larimichthys crocea","Large yellow croaker",TRUE,TRUE,9,140498.2,2143.6,41.091384274841,0.348422813977561,55.35,0.25,36.0545454545455,0.371181818181818,56.7575451046025,0.409405857740586,80,0.32,9,30,NA,NA,0.02695,2.882875,0.0132230526315789,3.06909361403509
"Actinopterygii","Miscellaneous coastal fishes","Perciformes","Sparidae","Dentex","Dentex dentex","Common dentex",TRUE,TRUE,68,81.3194,10137.5594672742,85.6380269122078,0.107364307206584,88.74,0.0996,55.6470517647059,0.200588235294118,44.5212863664596,0.237580745341615,100,0.09,9.7,17.6,0.0238666666666667,2.9775,0.0247203571428571,2.9755,0.0183806161971831,3.02478785211268
"Actinopterygii","Miscellaneous coastal fishes","Perciformes","Sparidae","Pagrus","Pagrus major","Japanese seabream",TRUE,TRUE,29,5023.4,9474.36226627081,68.6764285748825,0.151006063859157,71.67,0.161,64.3145787096774,0.163645161290323,44.5212863664596,0.237580745341615,100,0.15,7.7,22,0.0128933333333333,2.91133333333333,0.0200022222222222,2.94504638888889,0.0183806161971831,3.02478785211268
"Actinopterygii","Miscellaneous coastal fishes","Scorpaeniformes","Hexagrammidae","Pleurogrammus","Pleurogrammus azonus","Okhotsk atka mackerel",TRUE,FALSE,NA,NA,NA,36.7880748476549,0.379351558527858,NA,NA,42.2,0.285,58.1777777777778,0.442333333333333,50,0.35,10,29,NA,NA,NA,NA,0.00904357142857143,3.14297142857143
"Actinopterygii","Miscellaneous demersal fishes","Scorpaeniformes","Anoplopomatidae","Anoplopoma","Anoplopoma fimbria","Sablefish ",TRUE,FALSE,NA,NA,NA,74.2696342153773,0.213002206863196,77.6,0.234409090909091,77.6,0.234409090909091,82.3260869565217,0.227452173913043,120,0.25,1.8,14.6,0.00357,3.3019,0.00357,3.3019,0.02552,3.0387
"Actinopterygii","Flounders, halibuts, soles","Pleuronectiformes","Pleuronectidae","Pseudopleuronectes","Pseudopleuronectes americanus","Winter flounder",TRUE,FALSE,NA,NA,NA,47.2891926226775,0.315462989987188,45.8888888888889,0.389166666666667,44.208,0.36312,57.9170215196078,0.23264068627451,39.7,0.38,0.8,23.9,0.0213,3,0.0122353846153846,3.05872307692308,0.011468527607362,3.0800282208589
"Actinopterygii","Flounders, halibuts, soles","Pleuronectiformes","Soleidae","Solea","Solea solea","Common sole",TRUE,TRUE,66,85.216,12999.0637629499,36.2397827631482,0.323983511968825,37.9838323529412,0.324117647058824,38.3886445454545,0.324436363636364,33.3628692708333,0.34359375,50.3,0.35,5.7,27,0.00725,3.112325,0.00732789473684211,3.10695789473684,0.0124127631578947,3.05816578947368
"Actinopterygii","Miscellaneous coastal fishes","Mugiliformes","Mugilidae","Mugil","Mugil cephalus","Flathead grey mullet",TRUE,TRUE,32,3051.3121,3928.02521125657,59.6963933318987,0.247450922040746,55.3963636363636,0.341515151515151,56.118482826087,0.355195652173913,50.046895112782,0.307323308270677,71.2,0.29,8,24,0.0163917391304348,2.93158695652174,0.0139396,2.9572574,0.0162280459770115,2.95286965517241
"Actinopterygii","Miscellaneous coastal fishes","Perciformes","Sparidae","Pagellus","Pagellus bogaraveo","Blackspot(=red) seabream",TRUE,TRUE,60,178.256,10460.0242512685,53.6157310774032,0.136200373835438,53.49416,0.1399,39.3507902,0.21788,44.5212863664596,0.237580745341615,35.3,0.14,9.8,19.7,0.0135327272727273,3.02427272727273,0.0138023255813953,3.01398255813953,0.0183806161971831,3.02478785211268
"Actinopterygii","Miscellaneous coastal fishes","Perciformes","Sparidae","Pagellus","Pagellus erythrinus","Common pandora",TRUE,TRUE,86,10.71,7433.54248366013,37.8379386872952,0.19093497882595,38.0408423809524,0.195380952380952,39.3507902,0.21788,44.5212863664596,0.237580745341615,37.6,0.2,7.1,20.2,0.0144568181818182,2.96027272727273,0.0138023255813953,3.01398255813953,0.0183806161971831,3.02478785211268
"Actinopterygii","Miscellaneous pelagic fishes","Perciformes","Carangidae","Pseudocaranx","Pseudocaranx dentex","White trevally",TRUE,TRUE,31,3606.8,13455.6068569377,49.6955042834279,0.236453180425109,55.66265,0.18,55.66265,0.18,43.6620276351351,0.643,89.3,0.22,13.3,26.3,0.014555,2.97499,0.014555,2.97499,0.0215239896373057,2.89683816062176
"Actinopterygii","Miscellaneous pelagic fishes","Perciformes","Carangidae","Seriola","Seriola dumerili","Greater amberjack",TRUE,TRUE,82,16.494,9224.49546485261,149.678696990318,0.234620282530773,159.820006,0.2302,150.3572725,0.225375,43.6620276351351,0.643,144,0.23,3.2,26.8,0.018784,2.8972,0.0203428571428571,2.91039285714286,0.0215239896373057,2.89683816062176
"Actinopterygii","Miscellaneous pelagic fishes","Perciformes","Carangidae","Seriola","Seriola rivoliana","Longfin yellowtail",TRUE,TRUE,49,400,6000,97.6991657772065,0.28648757829704,NA,NA,150.3572725,0.225375,43.6620276351351,0.643,114.7,0.56,18,26.9,0.008405,3.0635,0.0203428571428571,2.91039285714286,0.0215239896373057,2.89683816062176
"Actinopterygii","Miscellaneous pelagic fishes","Perciformes","Carangidae","Trachinotus","Trachinotus goodei","Great pompano",TRUE,FALSE,NA,NA,NA,46.8530694772816,0.435093807664701,NA,NA,78.3832166666667,0.31,43.6620276351351,0.643,150,0.29,12,34,0.017385,2.95,0.022533125,2.799125,0.0215239896373057,2.89683816062176
"Actinopterygii","Miscellaneous coastal fishes","Perciformes","Ephippidae","Chaetodipterus","Chaetodipterus faber","Atlantic spadefish",TRUE,FALSE,NA,NA,NA,47.6522841847503,0.340291549145973,52.6023333333333,0.23,52.6023333333333,0.23,52.6023333333333,0.23,50.4,0.34,2.5,28,0.04175,2.877,0.04107,2.8431,0.0407225,2.80466666666667
"Actinopterygii","Miscellaneous coastal fishes","Elopiformes","Megalopidae","Megalops","Megalops atlanticus","Tarpon",TRUE,FALSE,NA,NA,NA,170.803090482135,0.0943980291118823,246.04142,0.09375,246.04142,0.09375,246.04142,0.09375,189.5,0.09,4.3,27.5,0.00532,3,0.00532,3,0.00532,3
"Actinopterygii","Miscellaneous coastal fishes","Mugiliformes","Mugilidae","Mugil","Mugil curema","White mullet",TRUE,FALSE,NA,NA,NA,42.7431854386587,0.338576698975807,43.41389,0.4005,56.118482826087,0.355195652173913,50.046895112782,0.307323308270677,28,0.57,10,29.3,0.0129333333333333,2.92534444444444,0.0139396,2.9572574,0.0162280459770115,2.95286965517241
"Actinopterygii","Miscellaneous coastal fishes","Mugiliformes","Mugilidae","Mugil","Mugil liza","Lebranche mullet",FALSE,TRUE,80,18.33975,1866.18201859039,65.0019632929219,0.244115106089252,81.58247,0.2174,56.118482826087,0.355195652173913,50.046895112782,0.307323308270677,NA,NA,NA,NA,0.009617,3.047727,0.0139396,2.9572574,0.0162280459770115,2.95286965517241
"Actinopterygii","Miscellaneous coastal fishes","Perciformes","Sparidae","Sparus","Sparus aurata","Gilthead seabream",TRUE,TRUE,5,179131.4713,5523.26703949132,54.8030233184615,0.25165586585192,56.6666666666667,0.297583333333333,56.6666666666667,0.297583333333333,44.5212863664596,0.237580745341615,70,0.3,11.5,22.7,0.0177258333333333,2.96491666666667,0.0177258333333333,2.96491666666667,0.0183806161971831,3.02478785211268
"Actinopterygii","Miscellaneous coastal fishes","Perciformes","Sciaenidae","Sciaenops","Sciaenops ocellatus","Red drum",TRUE,TRUE,13,68382.6462,2306.78620032389,96.8710325133093,0.367528771626665,97.1538461538462,0.401,97.1538461538462,0.401,56.7575451046025,0.409405857740586,104.5,0.4,9.6,26,0.00975666666666667,3.042,0.00975666666666667,3.042,0.0132230526315789,3.06909361403509
"Actinopterygii","Miscellaneous coastal fishes","Perciformes","Serranidae","Mycteroperca","Mycteroperca bonaci","Black grouper",TRUE,TRUE,96,2.22,8151.35135135135,125.718786094566,0.125599705650434,125.5,0.1645,107.377777777778,0.131244444444444,68.1028635135135,0.233738918918919,133.3,0.15,16,28,0.00911,3.1,0.0141466666666667,3.02880952380952,0.0180663323782235,3.0171553008596
"Actinopterygii","Miscellaneous coastal fishes","Perciformes","Sciaenidae","Umbrina","Umbrina cirrosa","Shi drum",TRUE,TRUE,48,448.452,7111.41305416878,65.8774034370716,0.335267147654463,86.5,0.279,47.7433333333333,0.307222222222222,56.7575451046025,0.409405857740586,73,0.63,9.6,26,0.0117,3.0225,0.0136316666666667,3.02558333333333,0.0132230526315789,3.06909361403509
"Actinopterygii","Flounders, halibuts, soles","Pleuronectiformes","Pleuronectidae","Platichthys","Platichthys flesus","European flounder",TRUE,TRUE,95,2.66666666666667,10686.875,40.9016964645527,0.284927808494803,40.74375,0.35375,41.6842105263158,0.336,57.9170215196078,0.23264068627451,43.3,0.37,5,25,0.0121345454545455,3.02347727272727,0.0119407692307692,3.03615769230769,0.011468527607362,3.0800282208589
"Actinopterygii","Flounders, halibuts, soles","Pleuronectiformes","Pleuronectidae","Pleuronectes","Pleuronectes platessa","European plaice",TRUE,FALSE,NA,NA,NA,54.1674963971377,0.138225441614112,55.204347826087,0.145782608695652,55.2791666666667,0.143833333333333,57.9170215196078,0.23264068627451,100,0.15,2,25,0.0087575,3.0580875,0.00944,3.05894166666667,0.011468527607362,3.0800282208589
"Actinopterygii","Flounders, halibuts, soles","Pleuronectiformes","Scophthalmidae","Scophthalmus","Scophthalmus maximus","Turbot",TRUE,TRUE,12,68833.9186,7266.54109460494,55.7991394919355,0.262249922301035,60.308,0.28128,56.0454545454545,0.309636363636364,46.4059701492537,0.214514925373134,60.3,0.29,8,20,0.012911,3.109535,0.0136977142857143,3.07015428571429,0.0131068852459016,3.08833606557377
"Actinopterygii","Flounders, halibuts, soles","Pleuronectiformes","Paralichthyidae","Paralichthys","Paralichthys olivaceus","Bastard halibut",TRUE,TRUE,16,43985,10839.420454914,79.5625126834715,0.220567087445664,NA,NA,83.6,0.264714285714286,57.1257142857143,0.512678571428571,103,0.15,14,23,0.0062,3.1985,0.00613055555555556,3.18011111111111,0.00772774647887324,3.14355211267606
"Actinopterygii","Flounders, halibuts, soles","Pleuronectiformes","Pleuronectidae","Hippoglossus","Hippoglossus hippoglossus","Atlantic halibut",TRUE,TRUE,33,1442.9536,13602.1423023349,204.497916488428,0.0653556464571464,232.333333333333,0.0521166666666667,212.490909090909,0.0568818181818182,57.9170215196078,0.23264068627451,470,0.08,0.9,18,0.015675,3.13355,0.01231,3.14743333333333,0.011468527607362,3.0800282208589
"Actinopterygii","Cods, hakes, haddocks","Gadiformes","Gadidae","Melanogrammus","Melanogrammus aeglefinus","Haddock",TRUE,FALSE,NA,NA,NA,68.3000889543129,0.238768679444594,68.9748484848485,0.234272727272727,68.9748484848485,0.234272727272727,66.92321371875,0.272625,74.5,0.27,2,15.5,0.00587727272727273,3.14472727272727,0.00587727272727273,3.14472727272727,0.0100668062827225,3.09233036649215
"Actinopterygii","Tilapias and other cichlids","Perciformes","Cichlidae","Oreochromis","Oreochromis aureus","Blue tilapia",FALSE,TRUE,45,500,3082.9448,19.4620377516061,2.24106142803095,23.4445051851852,4.82933333333333,28.0788703529412,3.3407137254902,28.7895760574413,2.48355352480418,NA,NA,NA,NA,0.0249866666666667,2.93833333333333,0.0218481818181818,3.01268340909091,0.0212994146341463,3.01658180487805
"Actinopterygii","Miscellaneous coastal fishes","Perciformes","Lutjanidae","Lutjanus","Lutjanus erythropterus","Crimson snapper",FALSE,TRUE,76,34.61502,7529.42799205828,61.6802911935597,0.299573264538212,75.6,0.21,67.8735425,0.236256944444444,70.7403336040609,0.241532994923858,NA,NA,NA,NA,NA,NA,0.0181038405797101,2.98771391304348,0.0180305797101449,2.95739787439614
"Actinopterygii","Miscellaneous coastal fishes","Perciformes","Lutjanidae","Lutjanus","Lutjanus argentimaculatus","Mangrove red snapper",TRUE,TRUE,24,9079.6914,5842.36873321361,89.0136167612855,0.187150193829419,105,0.187,67.8735425,0.236256944444444,70.7403336040609,0.241532994923858,119.5,0.19,16,30,0.020026,2.966452,0.0181038405797101,2.98771391304348,0.0180305797101449,2.95739787439614
"Actinopterygii","Tilapias and other cichlids","Perciformes","Cichlidae","Sarotherodon","Sarotherodon melanotheron","Blackchin tilapia",FALSE,TRUE,54,226.36,2285.43254255114,22.9472269340115,1.14020907524889,23.4542923076923,1.87546153846154,30.2738921052632,1.00926315789474,28.7895760574413,2.48355352480418,NA,NA,NA,NA,0.02227,3.16555,0.0192818181818182,3.02855,0.0212994146341463,3.01658180487805
"Actinopterygii","Tilapias and other cichlids","Perciformes","Cichlidae","Oreochromis","Oreochromis spilurus","Sabaki tilapia",FALSE,TRUE,51,323.2,5920,25.0358726818267,0.930265605707881,27.5,0.203,28.0788703529412,3.3407137254902,28.7895760574413,2.48355352480418,NA,NA,NA,NA,NA,NA,0.0218481818181818,3.01268340909091,0.0212994146341463,3.01658180487805
"Actinopterygii","Miscellaneous coastal fishes","Perciformes","Lutjanidae","Lutjanus","Lutjanus goldiei","Papuan black snapper",TRUE,FALSE,NA,NA,NA,58.4386194352198,0.232519046156179,NA,NA,67.8735425,0.236256944444444,70.7403336040609,0.241532994923858,100,0.28,18.3,27.2,0.0201,3,0.0181038405797101,2.98771391304348,0.0180305797101449,2.95739787439614
"Actinopterygii","Shads","Clupeiformes","Clupeidae","Konosirus","Konosirus punctatus","Dotted gizzard shad",TRUE,TRUE,56,209.4,8705.28530829862,26.9698533973876,0.398260788421915,24.3,0.5,24.3,0.5,26.6614344557823,0.754931972789116,19.7,0.27,8.5,27.2,0.0094375,3.03325,0.0094375,3.03325,0.0122864720812183,3.04610611675127
"Actinopterygii","Miscellaneous pelagic fishes","Atheriniformes","Atherinidae","Atherina","Atherina boyeri","Big-scale sand smelt",TRUE,TRUE,102,0.60375,4503.08675026355,10.9731543498013,0.51962716489229,11.8198914285714,0.4785,12.2754711111111,0.497055555555556,12.2754711111111,0.497055555555556,10.9,0.62,6,25,0.00790391304347826,3.03330869565217,0.00740483870967742,3.04155161290323,0.00873805555555556,3.03234222222222
"Actinopterygii","Miscellaneous coastal fishes","Mugiliformes","Mugilidae","Chelon","Chelon auratus","Golden grey mullet",TRUE,FALSE,NA,NA,NA,NA,NA,53.5109105882353,0.254588235294118,48.6499542028985,0.267927536231884,50.046895112782,0.307323308270677,56,0.25,10.8,18.8,0.013272,2.9747,0.0123406060606061,2.98218181818182,0.0162280459770115,2.95286965517241
"Actinopterygii","Miscellaneous coastal fishes","Mugiliformes","Mugilidae","Chelon","Chelon saliens","Leaping mullet",TRUE,FALSE,NA,NA,NA,NA,NA,38.1415246153846,0.250461538461538,48.6499542028985,0.267927536231884,50.046895112782,0.307323308270677,30.5,0.25,9,32,0.009525,2.9975,0.0123406060606061,2.98218181818182,0.0162280459770115,2.95286965517241
"Actinopterygii","Miscellaneous coastal fishes","Perciformes","Sparidae","Diplodus","Diplodus puntazzo","Sharpsnout seabream",TRUE,TRUE,52,285.66,7031.60459168302,27.3334960081938,0.276369029374382,23.2,0.472,33.5935967391304,0.244434782608696,44.5212863664596,0.237580745341615,60,0.47,24.3,24.3,0.0179571428571429,2.89111428571429,0.0158327450980392,3.08301764705882,0.0183806161971831,3.02478785211268
"Actinopterygii","Miscellaneous coastal fishes","Perciformes","Sparidae","Diplodus","Diplodus sargus","White seabream",TRUE,TRUE,87,10.3908,6384.04490540842,NA,NA,48.35,0.14,33.5935967391304,0.244434782608696,44.5212863664596,0.237580745341615,42.3,0.16,14.7,18,0.0179566666666667,3.02131428571429,0.0158327450980392,3.08301764705882,0.0183806161971831,3.02478785211268
"Actinopterygii","Miscellaneous coastal fishes","Perciformes","Sparidae","Diplodus","Diplodus vulgaris","Common two-banded seabream",TRUE,FALSE,NA,NA,NA,33.7221819790277,0.232452901578647,35.04957625,0.2668125,33.5935967391304,0.244434782608696,44.5212863664596,0.237580745341615,40.8,0.26,14.7,19.7,0.0139506896551724,3.09835862068965,0.0158327450980392,3.08301764705882,0.0183806161971831,3.02478785211268
"Actinopterygii","Miscellaneous coastal fishes","Perciformes","Sparidae","Pagrus","Pagrus pagrus","Red porgy",TRUE,TRUE,36,1389.54,7332.74623537796,56.3634962856301,0.162559303786114,57.58522625,0.1630625,64.3145787096774,0.163645161290323,44.5212863664596,0.237580745341615,62.9,0.18,8.3,25.4,0.0182209090909091,2.97958636363636,0.0200022222222222,2.94504638888889,0.0183806161971831,3.02478785211268
"Actinopterygii","Miscellaneous coastal fishes","Perciformes","Lethrinidae","Lethrinus","Lethrinus miniatus","Trumpet emperor",TRUE,TRUE,74,45,10412.8666666667,57.4845916055742,0.247188221296102,57.3538625,0.29,55.4305524358974,0.295974358974359,54.7017085542169,0.295819277108434,80,0.3,21,29.3,0.017445,3.101355,0.0219002325581395,2.95180744186047,0.0212741071428571,2.93394803571429
"Actinopterygii","Miscellaneous pelagic fishes","Perciformes","Carangidae","Caranx","Caranx ignobilis","Giant trevally",FALSE,TRUE,90,7.0164,5957.6016433553,108.978001169821,0.166404244813404,139.603563333333,0.32,82.700324,0.300266666666667,43.6620276351351,0.643,NA,NA,NA,NA,0.0160614285714286,2.95081285714286,0.0166595238095238,2.94372071428571,0.0215239896373057,2.89683816062176
"Actinopterygii","Miscellaneous pelagic fishes","Perciformes","Carangidae","Caranx","Caranx sexfasciatus","Bigeye trevally",TRUE,TRUE,99,1.10333333333333,6765.5,65.6980308742825,0.270326942700529,91.85,0.24,82.700324,0.300266666666667,43.6620276351351,0.643,74.1,0.24,21,30,0.0151333333333333,2.96633333333333,0.0166595238095238,2.94372071428571,0.0215239896373057,2.89683816062176
"Actinopterygii","Miscellaneous pelagic fishes","Perciformes","Carangidae","Trachinotus","Trachinotus blochii","Snubnose pompano",TRUE,TRUE,11,114153.5394,7190.37986971228,46.8530694772816,0.435093807664701,NA,NA,78.3832166666667,0.31,43.6620276351351,0.643,96.7,0.56,20,31,0.088,2.572,0.022533125,2.799125,0.0215239896373057,2.89683816062176
"Actinopterygii","Sturgeons, paddlefishes","Acipenseriformes","Acipenseridae","Acipenser","Acipenser stellatus","Starry sturgeon",TRUE,TRUE,104,0.412,6654.12621359223,183.307264982896,0.0723488574036157,180.199995,0.115,216.223332333333,0.0596,255.451282051282,0.0583846153846154,218.7,0.08,10,20,0.0222,2.68215,0.00740607142857143,3.11216428571429,0.00763555555555556,3.07360833333333
"Actinopterygii","Sturgeons, paddlefishes","Acipenseriformes","Acipenseridae","Huso","Huso huso","Beluga",TRUE,TRUE,91,4.83625,7307.49403793694,395.087459647527,0.0326595575907665,508.360004,0.0184,470.642861428571,0.0278571428571429,255.451282051282,0.0583846153846154,800,0.04,10,20,0.0097,2.96225,0.00834,3.00906,0.00763555555555556,3.07360833333333
"Actinopterygii","Miscellaneous freshwater fishes","Siluriformes","Claroteidae","Chrysichthys","Chrysichthys nigrodigitatus","Bagrid catfish",FALSE,TRUE,70,58.6,4000.93927272727,50.7132414584357,0.337799100585188,66.8326,0.433666666666667,56.5492888888889,0.453555555555556,56.17436,0.4378,NA,NA,NA,NA,0.010345,2.987,0.0104016666666667,2.99839,0.01135125,2.964195
"Actinopterygii","Tilapias and other cichlids","Perciformes","Cichlidae","Coptodon","Coptodon guineensis","Guinean tilapia",TRUE,FALSE,NA,NA,NA,NA,NA,23.6,0.6625,33.4606341463415,0.709317073170732,28.7895760574413,2.48355352480418,30,2.13,14,33,0.01934,3.02339,0.0300385714285714,2.93100642857143,0.0212994146341463,3.01658180487805
"Actinopterygii","Miscellaneous demersal fishes","Perciformes","Anarhichadidae","Anarhichas","Anarhichas lupus","Atlantic wolffish",TRUE,FALSE,NA,NA,NA,126.211868013796,0.0835567901567697,131,0.0876,143.545454545455,0.0932727272727273,143.545454545455,0.0932727272727273,152,0.09,0,13,0.005775,3.13145,0.00484,3.09972,0.00484,3.09972
"Actinopterygii","Sturgeons, paddlefishes","Acipenseriformes","Acipenseridae","Acipenser","Acipenser nudiventris","Fringebarbel sturgeon",TRUE,FALSE,NA,NA,NA,221.134390031606,0.0610245019664461,220.675,0.0705,216.223332333333,0.0596,255.451282051282,0.0583846153846154,200,0.07,10,20,0.02555,2.7847,0.00740607142857143,3.11216428571429,0.00763555555555556,3.07360833333333
"Actinopterygii","Sturgeons, paddlefishes","Acipenseriformes","Acipenseridae","Acipenser","Acipenser transmontanus","White sturgeon",TRUE,FALSE,NA,NA,NA,309.898266021749,0.0472391109309959,317.666666666667,0.0448666666666667,216.223332333333,0.0596,255.451282051282,0.0583846153846154,610,0.04,10,23.3,0.00520666666666667,3.14,0.00740607142857143,3.11216428571429,0.00763555555555556,3.07360833333333
"Actinopterygii","Miscellaneous freshwater fishes","Perciformes","Centrarchidae","Micropterus","Micropterus salmoides","Largemouth black bass",FALSE,TRUE,58,183.813368,8680.11164994659,60.7368341100074,0.202425322316545,62.3225,0.2133,61.4683333333333,0.200866666666667,51.9344827586207,0.232505747126437,NA,NA,NA,NA,0.0104726,3.13124,0.0134325333333333,3.09105333333333,0.024561455399061,3.08321830985915
"Actinopterygii","Miscellaneous pelagic fishes","Perciformes","Rachycentridae","Rachycentron","Rachycentron canadum","Cobia",TRUE,TRUE,17,42730.071646,2755.1215985579,111.034504322565,0.29237005829391,144.521755555556,0.323777777777778,144.521755555556,0.323777777777778,144.521755555556,0.323777777777778,152.8,0.33,26,32,0.00452,3.1288,0.00452,3.1288,0.00452,3.1288
"Actinopterygii","Miscellaneous demersal fishes","Perciformes","Anarhichadidae","Anarhichas","Anarhichas minor","Spotted wolffish",TRUE,FALSE,NA,NA,NA,149.698226442132,0.102126288897665,153,0.10225,143.545454545455,0.0932727272727273,143.545454545455,0.0932727272727273,190,0.1,4,12,NA,NA,0.00484,3.09972,0.00484,3.09972
"Actinopterygii","Miscellaneous freshwater fishes","Perciformes","Eleotridae","Dormitator","Dormitator latifrons","Pacific fat sleeper",TRUE,FALSE,NA,NA,NA,40.3738102774245,0.409330929354491,41,0.57,41,0.57,25.4666666666667,0.416333333333333,41,0.57,24.6,33,0.0296,2.83,0.0296,2.83,0.0126752631578947,3.03294736842105
"Actinopterygii","Miscellaneous pelagic fishes","Perciformes","Carangidae","Carangoides","Carangoides malabaricus","Malabar trevally",TRUE,TRUE,50,387,10069.2506459948,33.7475586686594,0.712119619218267,31.123636,0.82,42.3879428571429,0.624285714285714,43.6620276351351,0.643,37.3,0.82,19.9,28.4,0.0212025,2.947,0.0245996666666667,2.89736466666667,0.0215239896373057,2.89683816062176
"Actinopterygii","Miscellaneous coastal fishes","Perciformes","Siganidae","Siganus","Siganus canaliculatus","White-spotted spinefoot",TRUE,TRUE,100,0.9932,8549.87511854533,24.5094424857144,1.33923020236198,25.260194,1.94081,30.7224234285714,1.18343142857143,30.7224234285714,1.18343142857143,27.7,1.87,21,34,0.0190666666666667,2.92033333333333,0.0232652941176471,2.92036794117647,0.0230034285714286,2.92264314285714
"Actinopterygii","Miscellaneous coastal fishes","Perciformes","Serranidae","Epinephelus","Epinephelus fuscoguttatus","Brown-marbled grouper",TRUE,TRUE,71,54.48386,11758.576234353,90.121510504585,0.17899387041091,86.9666666666667,0.186666666666667,74.3937596551724,0.227945977011494,68.1028635135135,0.233738918918919,113.3,0.18,10,36.5,0.0139375,3.0495575,0.0183791071428571,3.01386089285714,0.0180663323782235,3.0171553008596
"Actinopterygii","Miscellaneous coastal fishes","Perciformes","Serranidae","Epinephelus","Epinephelus tauvina","Greasy grouper",TRUE,FALSE,NA,NA,NA,104.302647997155,0.137522395708189,98.775,0.14325,74.3937596551724,0.227945977011494,68.1028635135135,0.233738918918919,115.4,0.13,17,29.2,0.0175033333333333,3.03666666666667,0.0183791071428571,3.01386089285714,0.0180663323782235,3.0171553008596
"Actinopterygii","Miscellaneous pelagic fishes","Perciformes","Carangidae","Gnathanodon","Gnathanodon speciosus","Golden trevally",TRUE,TRUE,78,21.5516,5829.61934062524,75.3537492000035,0.355700518421708,107.92683,0.335,107.92683,0.335,43.6620276351351,0.643,108.2,0.39,23,29.3,0.0156533333333333,2.94765333333333,0.0156533333333333,2.94765333333333,0.0215239896373057,2.89683816062176
"Actinopterygii","Miscellaneous coastal fishes","Perciformes","Sparidae","Sparidentex","Sparidentex hasta","Sobaity seabream",TRUE,TRUE,65,103.0198,9365.76762842199,82.0950103704268,0.26503891913059,81.25,0.331,81.25,0.331,44.5212863664596,0.237580745341615,66.5,0.35,17.8,26.3,0.013,3.001,0.013,3.001,0.0183806161971831,3.02478785211268
"Actinopterygii","Miscellaneous coastal fishes","Perciformes","Sparidae","Dentex","Dentex gibbosus","Pink dentex",FALSE,TRUE,67,83.25,12003.7393554126,93.8799080287802,0.143728324196732,100.0688725,0.1525,55.6470517647059,0.200588235294118,44.5212863664596,0.237580745341615,NA,NA,NA,NA,0.015545,3.008,0.0247203571428571,2.9755,0.0183806161971831,3.02478785211268
"Actinopterygii","Miscellaneous coastal fishes","Perciformes","Sparidae","Pagrus","Pagrus caeruleostictus","Bluespotted seabream",FALSE,TRUE,63,122,7126.93442622951,42.3651054766935,0.23783388874175,43.6333333333333,0.289666666666667,64.3145787096774,0.163645161290323,44.5212863664596,0.237580745341615,NA,NA,NA,NA,0.026245,2.86797125,0.0200022222222222,2.94504638888889,0.0183806161971831,3.02478785211268
"Actinopterygii","Miscellaneous coastal fishes","Perciformes","Siganidae","Siganus","Siganus rivulatus","Marbled spinefoot",TRUE,TRUE,107,0.005,5750,26.7283201509274,0.550099099100673,33.32625,0.353,30.7224234285714,1.18343142857143,30.7224234285714,1.18343142857143,40,0.46,15,28.7,0.0129125,3.002,0.0232652941176471,2.92036794117647,0.0230034285714286,2.92264314285714
"Actinopterygii","Miscellaneous coastal fishes","Perciformes","Sciaenidae","Miichthys","Miichthys miiuy","Mi-iuy (brown) croaker",TRUE,TRUE,55,220.2,12227.2552967683,71.5587573052434,0.328571406013237,80.6,0.32,80.6,0.32,56.7575451046025,0.409405857740586,70,0.32,6,25,NA,NA,NA,NA,0.0132230526315789,3.06909361403509
"Actinopterygii","Miscellaneous coastal fishes","Mugiliformes","Mugilidae","Chelon","Chelon ramada","Thinlip grey mullet",TRUE,FALSE,NA,NA,NA,NA,NA,48.70177875,0.25725,48.6499542028985,0.267927536231884,50.046895112782,0.307323308270677,62.5,0.26,8,24,0.0104533333333333,2.97322222222222,0.0123406060606061,2.98218181818182,0.0162280459770115,2.95286965517241
"Actinopterygii","Miscellaneous coastal fishes","Perciformes","Siganidae","Siganus","Siganus guttatus","Goldlined spinefoot",TRUE,FALSE,NA,NA,NA,34.2629504689538,0.896566576217579,28.1333333333333,1.44633333333333,30.7224234285714,1.18343142857143,30.7224234285714,1.18343142857143,39,1.66,24,28,0.03748,2.8478,0.0232652941176471,2.92036794117647,0.0230034285714286,2.92264314285714
"Actinopterygii","Miscellaneous coastal fishes","Perciformes","Lateolabracidae","Lateolabrax","Lateolabrax japonicus","Japanese seabass",TRUE,TRUE,10,131500.1854,2261.15428047691,92.8966604848478,0.188050756799794,97.25,0.18425,97.25,0.18425,97.25,0.18425,25,0.18,13,23,0.02388,3.049,0.02346,2.99975,0.02346,2.99975
"Actinopterygii","Miscellaneous coastal fishes","Perciformes","Siganidae","Siganus","Siganus javus","Streaked spinefoot",TRUE,FALSE,NA,NA,NA,30.2119460416584,0.763717863982968,NA,NA,30.7224234285714,1.18343142857143,30.7224234285714,1.18343142857143,44.6,0.56,25,28,NA,NA,0.0232652941176471,2.92036794117647,0.0230034285714286,2.92264314285714
"Actinopterygii","Miscellaneous coastal fishes","Perciformes","Sparidae","Dentex","Dentex tumifrons","Yellowback seabream",TRUE,FALSE,NA,NA,NA,46.7764053421366,0.211800923375294,37.56,0.2858,55.6470517647059,0.200588235294118,44.5212863664596,0.237580745341615,35,0.25,10.4,26.3,0.0317333333333333,2.88833333333333,0.0247203571428571,2.9755,0.0183806161971831,3.02478785211268
"Actinopterygii","Sturgeons, paddlefishes","Acipenseriformes","Acipenseridae","Acipenser","Acipenser gueldenstaedtii","Danube (diamond) sturgeon",TRUE,FALSE,NA,NA,NA,228.739557495679,0.0495690593095074,247.766666666667,0.0416666666666667,216.223332333333,0.0596,255.451282051282,0.0583846153846154,236,0.04,10,20,0.00736666666666667,2.9767,0.00740607142857143,3.11216428571429,0.00763555555555556,3.07360833333333
"Actinopterygii","Miscellaneous coastal fishes","Mugiliformes","Mugilidae","Planiliza","Planiliza macrolepis","Largescale mullet",TRUE,FALSE,NA,NA,NA,NA,NA,NA,NA,47.42,0.328142857142857,50.046895112782,0.307323308270677,23,0.1,20,28.9,0.027925,2.824265,0.016192,2.9314424,0.0162280459770115,2.95286965517241
"Actinopterygii","Miscellaneous coastal fishes","Perciformes","Serranidae","Plectropomus","Plectropomus maculatus","Spotted coralgrouper",TRUE,TRUE,83,15.7616,31888.4638415351,67.5570443493442,0.20963043085546,57.95,0.273,62.9559172727273,0.378272727272727,68.1028635135135,0.233738918918919,100.3,0.21,22,28.9,0.0156,3,0.0106022222222222,3.09680888888889,0.0180663323782235,3.0171553008596
"Actinopterygii","Miscellaneous coastal fishes","Perciformes","Sparidae","Pagrus","Pagrus auriga","Redbanded seabream",FALSE,TRUE,69,66,7675.16666666667,56.3803318757496,0.169482694175225,NA,NA,64.3145787096774,0.163645161290323,44.5212863664596,0.237580745341615,NA,NA,NA,NA,0.01905,3,0.0200022222222222,2.94504638888889,0.0183806161971831,3.02478785211268
"Actinopterygii","Miscellaneous coastal fishes","Perciformes","Serranidae","Epinephelus","Epinephelus akaara","Hong Kong (redspotted) grouper",TRUE,FALSE,NA,NA,NA,70.6018399019694,0.190362216188392,NA,NA,74.3937596551724,0.227945977011494,68.1028635135135,0.233738918918919,54.5,0.36,19,30.2,NA,NA,0.0183791071428571,3.01386089285714,0.0180663323782235,3.0171553008596
"Actinopterygii","Miscellaneous coastal fishes","Perciformes","Serranidae","Epinephelus","Epinephelus areolatus","Areolate grouper",TRUE,TRUE,81,17.6,18883.8797584819,42.8311171681911,0.263064054569683,54.725,0.2255,74.3937596551724,0.227945977011494,68.1028635135135,0.233738918918919,40.6,0.31,18.5,28.6,0.034968,2.861024,0.0183791071428571,3.01386089285714,0.0180663323782235,3.0171553008596
"Actinopterygii","Miscellaneous coastal fishes","Perciformes","Sparidae","Rhabdosargus","Rhabdosargus sarba","Goldlined seabream",TRUE,TRUE,89,8.8,9829.41739130435,24.5937739640794,0.586367699888952,NA,NA,NA,NA,44.5212863664596,0.237580745341615,63.1,1.36,21.1,26.9,0.0136233333333333,2.90618,0.0147025,2.937135,0.0183806161971831,3.02478785211268
"Actinopterygii","Miscellaneous freshwater fishes","Siluriformes","Callichthyidae","Hoplosternum","Hoplosternum littorale","Atipa",FALSE,TRUE,88,10.193,7860.57506338138,28.6096180471268,0.630025961349837,24,1.25,24,1.25,24,1.25,NA,NA,NA,NA,0.0219166666666667,3.00833333333333,0.0219166666666667,3.00833333333333,0.0219590909090909,2.93227272727273
"Actinopterygii","Miscellaneous coastal fishes","Perciformes","Serranidae","Epinephelus","Epinephelus tukula","Potato grouper",FALSE,TRUE,106,0.067,18104.4776119403,70.6018399019694,0.190362216188392,115,0.13,74.3937596551724,0.227945977011494,68.1028635135135,0.233738918918919,NA,NA,NA,NA,0.106,2.56,0.0183791071428571,3.01386089285714,0.0180663323782235,3.0171553008596
"Actinopterygii","Miscellaneous coastal fishes","Perciformes","Sparidae","Acanthopagrus","Acanthopagrus berda","Goldsilk seabream",TRUE,FALSE,NA,NA,NA,37.8679748962269,0.270969264435813,37.35,0.325,39.2158058333333,0.250208333333333,44.5212863664596,0.237580745341615,56,0.29,14.6,25.7,0.0151,3.092,0.0161855555555556,3.04676611111111,0.0183806161971831,3.02478785211268
"Actinopterygii","Miscellaneous coastal fishes","Perciformes","Scaridae","Bolbometopon","Bolbometopon muricatum","Green humphead parrotfish",TRUE,TRUE,103,0.5375,20546.1666666667,89.6185576175418,0.167010450238359,106,0.1,106,0.1,33.9196848148148,0.738962962962963,125,0.12,26.3,29,NA,NA,NA,NA,0.017375873015873,3.04796253968254
"Actinopterygii","Miscellaneous coastal fishes","Mugiliformes","Mugilidae","Ellochelon","Ellochelon vaigiensis","Squaretail mullet",FALSE,TRUE,75,38,2330.84197994987,41.0059602722874,0.304388477548813,NA,NA,NA,NA,50.046895112782,0.307323308270677,NA,NA,NA,NA,0.008195,3.18375,0.008195,3.18375,0.0162280459770115,2.95286965517241
"Actinopterygii","Miscellaneous coastal fishes","Perciformes","Ephippidae","Platax","Platax orbicularis","Orbicular batfish",TRUE,TRUE,79,18.36,15742.3642336205,41.4018238318573,0.348076177524181,NA,NA,NA,NA,52.6023333333333,0.23,53.3,0.56,22,28,0.0425,2.975,0.0425,2.975,0.0407225,2.80466666666667
"Actinopterygii","Miscellaneous coastal fishes","Perciformes","Sparidae","Acanthopagrus","Acanthopagrus latus","Yellowfin seabream",TRUE,FALSE,NA,NA,NA,46.7281207729951,0.20750899316826,34.6,0.47,39.2158058333333,0.250208333333333,44.5212863664596,0.237580745341615,35.2,0.17,4.9,38.2,0.0234666666666667,2.94133333333333,0.0161855555555556,3.04676611111111,0.0183806161971831,3.02478785211268
"Actinopterygii","Miscellaneous coastal fishes","Perciformes","Polynemidae","Polydactylus","Polydactylus sexfilis","Sixfinger threadfin",TRUE,TRUE,94,3.4525,6650,36.9368830455614,0.547650017831909,NA,NA,65.9714116666667,1.10233333333333,58.9071372222222,0.737055555555556,60.7,0.56,25.3,40,0.01625,3,0.00883333333333333,3.044,0.00810454545454545,3.09327272727273
"Actinopterygii","Miscellaneous coastal fishes","Perciformes","Sparidae","Pagrus","Pagrus auratus","Silver seabream",TRUE,TRUE,14,62366.6,6756.54164034236,72.9233157460552,0.116113979061982,85.24472,0.104833333333333,64.3145787096774,0.163645161290323,44.5212863664596,0.237580745341615,130,0.13,9.2,29.3,0.03036,2.793,0.0200022222222222,2.94504638888889,0.0183806161971831,3.02478785211268
"Actinopterygii","Miscellaneous coastal fishes","Perciformes","Serranidae","Epinephelus","Epinephelus malabaricus","Malabar grouper",TRUE,TRUE,64,117.1968,14113.1718661747,124.634604998835,0.223564592093417,125,0.8,74.3937596551724,0.227945977011494,68.1028635135135,0.233738918918919,163.6,0.8,19,30.2,0.0174233333333333,3.04963,0.0183791071428571,3.01386089285714,0.0180663323782235,3.0171553008596
"Actinopterygii","Miscellaneous coastal fishes","Perciformes","Serranidae","Cromileptes","Cromileptes altivelis","Humpback grouper",TRUE,TRUE,98,1.244,63273.7308991913,52.3886047692249,0.23532459693754,NA,NA,NA,NA,68.1028635135135,0.233738918918919,65.4,0.35,26.5,29,NA,NA,NA,NA,0.0180663323782235,3.0171553008596
"Actinopterygii","Miscellaneous coastal fishes","Perciformes","Serranidae","Epinephelus","Epinephelus coioides","Orange-spotted grouper",TRUE,TRUE,46,489.3656,10766.0712264901,92.5233882511695,0.152997117258371,95.45,0.1535,74.3937596551724,0.227945977011494,68.1028635135135,0.233738918918919,108,0.15,17,35,0.01298,3.086358,0.0183791071428571,3.01386089285714,0.0180663323782235,3.0171553008596
"Actinopterygii","Miscellaneous coastal fishes","Perciformes","Serranidae","Epinephelus","Epinephelus lanceolatus","Giant grouper",TRUE,TRUE,84,14.9218,18582.7367169101,70.6018399019694,0.190362216188392,NA,NA,74.3937596551724,0.227945977011494,68.1028635135135,0.233738918918919,270,0.36,26.3,26.3,0.0173,3,0.0183791071428571,3.01386089285714,0.0180663323782235,3.0171553008596
"Actinopterygii","Miscellaneous coastal fishes","Perciformes","Sparidae","Acanthopagrus","Acanthopagrus schlegelii","Blackhead seabream",TRUE,TRUE,34,1441.956,10344.8615260204,41.511389473507,0.219871351711492,53.7,0.15,39.2158058333333,0.250208333333333,44.5212863664596,0.237580745341615,50,0.22,10.4,26.3,0.01728,3.051,0.0161855555555556,3.04676611111111,0.0183806161971831,3.02478785211268
"Actinopterygii","Miscellaneous coastal fishes","Perciformes","Oplegnathidae","Oplegnathus","Oplegnathus fasciatus","",FALSE,TRUE,42,714,18087.0896358543,38.5911168983685,0.352035020708141,NA,NA,NA,NA,NA,NA,NA,NA,NA,NA,0.02315,3,0.02079,3,0.02079,3
"Actinopterygii","Miscellaneous demersal fishes","Scorpaeniformes","Sebastidae","Sebastes","Sebastes schlegelii","Korean rockfish",TRUE,TRUE,20,21501,7607.5308797161,38.0088829763065,0.128353478619067,41.2,0.21,44.227979245283,0.142031132075472,43.0764034306569,0.135915328467153,65,0.27,15,24,0.0161571428571429,3.03571428571429,0.0178670512820513,3.01912948717949,0.016668018018018,3.05081594594595
"Actinopterygii","Miscellaneous coastal fishes","Perciformes","Serranidae","Hyporthodus","Hyporthodus septemfasciatus","Convict grouper",FALSE,TRUE,59,183.4,25551.0330847466,99.7843059711743,0.12700976179546,NA,NA,121.857142142857,0.115,68.1028635135135,0.233738918918919,NA,NA,NA,NA,0.00332,3.348,0.0180409090909091,3.00918181818182,0.0180663323782235,3.0171553008596
"Actinopterygii","Miscellaneous coastal fishes","Perciformes","Sciaenidae","Micropogonias","Micropogonias furnieri","Whitemouth croaker",FALSE,TRUE,92,4.377,623.087028140014,61.9064513298477,0.176432648767675,65.0970588235294,0.179411764705882,58.4645833333333,0.26575,56.7575451046025,0.409405857740586,NA,NA,NA,NA,0.0103946153846154,3.00683076923077,0.0100228571428571,3.01691428571429,0.0132230526315789,3.06909361403509
"Actinopterygii","Miscellaneous coastal fishes","Tetraodontiformes","Tetraodontidae","Takifugu","Takifugu rubripes","Tiger pufferfish",TRUE,TRUE,19,24425.6,5123.1445204289,56.7376266731896,0.392236953007943,57.5166666666667,0.519,57.5166666666667,0.519,51.30625,0.439625,80,0.52,10,29,NA,NA,0.02916,2.87125,0.0329125742574257,2.89114287128713
"Actinopterygii","Miscellaneous coastal fishes","Perciformes","Latidae","Psammoperca","Psammoperca waigiensis","Waigieu seaperch",FALSE,TRUE,38,908,3114.12224669604,59.5298654228469,0.296012099745966,NA,NA,NA,NA,105.082352941176,0.308264705882353,NA,NA,NA,NA,NA,NA,NA,NA,0.0140042424242424,2.99513939393939
"Actinopterygii","Flounders, halibuts, soles","Pleuronectiformes","Soleidae","Solea","Solea senegalensis","Senegalese sole",TRUE,TRUE,37,1193.087,11823.3360439392,52.0227350605915,0.20322427986175,52.9,0.182,38.3886445454545,0.324436363636364,33.3628692708333,0.34359375,60,0.18,15,21,0.00774333333333333,3.07833333333333,0.00732789473684211,3.10695789473684,0.0124127631578947,3.05816578947368
"Actinopterygii","Miscellaneous coastal fishes","Perciformes","Sciaenidae","Argyrosomus","Argyrosomus japonicus","Japanese meagre",TRUE,TRUE,62,160.5,4762.41778089061,147.621741917117,0.102214129253059,139.5,0.148,136.985712857143,0.134857142857143,56.7575451046025,0.409405857740586,200,0.14,12,28,0.0301,2.76,0.015985,2.9288975,0.0132230526315789,3.06909361403509
"Actinopterygii","Miscellaneous coastal fishes","Mugiliformes","Mugilidae","Planiliza","Planiliza haematocheila","So-iuy mullet",FALSE,TRUE,39,901.7,2600,NA,NA,82.6,0.1835,47.42,0.328142857142857,50.046895112782,0.307323308270677,NA,NA,NA,NA,0.009066,2.9928,0.016192,2.9314424,0.0162280459770115,2.95286965517241
"Actinopterygii","Tunas, bonitos, billfishes","Perciformes","Scombridae","Thunnus","Thunnus orientalis","Pacific bluefin tuna",TRUE,TRUE,21,21218.605562,19605.7273684809,183.033984268092,0.177802918162012,NA,NA,210.166765783133,0.214192771084337,97.967334281768,0.600909392265193,50,0.16,13.6,29,NA,NA,0.0310116666666667,2.88233333333333,0.0120863313609467,3.08036112426036
"Actinopterygii","Miscellaneous coastal fishes","Perciformes","Gobiidae","Boleophthalmus","Boleophthalmus pectinirostris","Great blue spotted mudskipper",FALSE,TRUE,93,3.8675,33758.6205619799,16.5167630493109,0.86304877420445,16,1.23,16.2666666666667,1.08333333333333,14.0154666666667,1.55416666666667,NA,NA,NA,NA,0.0111966666666667,2.90266666666667,0.0111966666666667,2.90266666666667,0.014065785440613,3.01380823754789
"Bivalvia","Clams, cockles, arkshells","Arcoida","Arcidae","Anadara","Anadara broughtonii","Inflated ark",TRUE,TRUE,24,3100.6,4546.63578390473,NA,NA,10.93,0.264775,8.80833333333333,0.478508333333333,5.83865853658537,1.20156341463415,17.8,0.26,22,25,0.397875,2.81045,0.357371666666667,2.81206666666667,0.354875384615385,2.74558846153846
"Bivalvia","Clams, cockles, arkshells","Arcoida","Arcidae","Anadara","Anadara grandis","Grand ark",FALSE,TRUE,54,2.2,2000,NA,NA,NA,NA,8.80833333333333,0.478508333333333,5.83865853658537,1.20156341463415,NA,NA,NA,NA,NA,NA,0.357371666666667,2.81206666666667,0.354875384615385,2.74558846153846
"Bivalvia","Clams, cockles, arkshells","Arcoida","Arcidae","Anadara","Anadara tuberculosa","Black ark",TRUE,TRUE,50,5.4,1500,NA,NA,7.43733333333333,0.7135,8.80833333333333,0.478508333333333,5.83865853658537,1.20156341463415,63.2,0.71,22,31,NA,NA,0.357371666666667,2.81206666666667,0.354875384615385,2.74558846153846
"Bivalvia","Clams, cockles, arkshells","Arcoida","Arcidae","Tegillarca","Tegillarca granosa","Blood cockle",TRUE,TRUE,4,425103.678,2249.47458460253,NA,NA,3.64521739130435,1.80521739130435,3.64521739130435,1.80521739130435,5.83865853658537,1.20156341463415,9,1.8,25,32.8,0.40404,2.85391111111111,0.40404,2.85391111111111,0.354875384615385,2.74558846153846
"Bivalvia","Clams, cockles, arkshells","Veneroida","Cardiidae","Cerastoderma","Cerastoderma edule","Common edible cockle",TRUE,TRUE,23,3407.922,3906.73343862186,NA,NA,3.28,0.58,3.42933333333333,0.548333333333333,21.5968275862069,0.375701379310345,5.6,0.58,6.8,12,1.157,2.26,0.71934,2.5715,0.357669130434783,2.9674
"Bivalvia","Clams, cockles, arkshells","Veneroida","Cardiidae","Cerastoderma","Cerastoderma glaucum","Olive green cockle",FALSE,TRUE,64,0.316,3306.96202531646,NA,NA,3.57866666666667,0.516666666666667,3.42933333333333,0.548333333333333,21.5968275862069,0.375701379310345,NA,NA,NA,NA,0.50051,2.72725,0.71934,2.5715,0.357669130434783,2.9674
"Bivalvia","Clams, cockles, arkshells","Veneroida","Cardiidae","Tridacna","Tridacna crocea","Crocus giant clam",TRUE,TRUE,57,1.52,4600,NA,NA,NA,NA,42.1823076923077,0.140256923076923,21.5968275862069,0.375701379310345,15,0.17,26.8,28.4,NA,NA,0.11665,3.09896666666667,0.357669130434783,2.9674
"Bivalvia","Clams, cockles, arkshells","Veneroida","Cardiidae","Tridacna","Tridacna derasa","Smooth giant clam",TRUE,TRUE,56,1.564,3032.00635574327,NA,NA,46.91,0.109,42.1823076923077,0.140256923076923,21.5968275862069,0.375701379310345,60,0.11,28.5,28.5,NA,NA,0.11665,3.09896666666667,0.357669130434783,2.9674
"Bivalvia","Clams, cockles, arkshells","Veneroida","Cardiidae","Tridacna","Tridacna maxima","Elongate giant clam",FALSE,TRUE,58,1.516,11011.7032242599,NA,NA,18.365,0.27,42.1823076923077,0.140256923076923,21.5968275862069,0.375701379310345,NA,NA,NA,NA,0.11665,3.14845,0.11665,3.09896666666667,0.357669130434783,2.9674
"Bivalvia","Clams, cockles, arkshells","Veneroida","Cardiidae","Tridacna","Tridacna squamosa","Fluted giant clam",TRUE,TRUE,65,0.3044,4589.89898989899,NA,NA,17.25,0.215,42.1823076923077,0.140256923076923,21.5968275862069,0.375701379310345,45,0.22,24.5,28.9,NA,NA,0.11665,3.09896666666667,0.357669130434783,2.9674
"Bivalvia","Freshwater molluscs","Veneroida","Corbiculidae","Polymesoda","Polymesoda expansa","Broad geloina",FALSE,TRUE,42,35.0833333333333,1246.0290541508,NA,NA,NA,NA,NA,NA,3.664,0.8955,NA,NA,NA,NA,NA,NA,0.374,2.905,0.374,2.905
"Bivalvia","Clams, cockles, arkshells","Myoida","Hiatellidae","Panopea","Panopea generosa","Pacific geoduck",TRUE,TRUE,33,745.8,31556,NA,NA,13.5444444444444,0.228444444444444,12.4140625,0.2395,11.7563888888889,0.224555555555556,12.5,0.47,8.5,10.2,NA,NA,NA,NA,0.4399075,2.78425
"Bivalvia","Clams, cockles, arkshells","Veneroida","Mactridae","Mactra","Mactra glabrata","Smooth mactra",TRUE,FALSE,NA,NA,NA,NA,NA,NA,NA,NA,NA,7.26415384615385,0.333569230769231,27.6,0.02,10,30,NA,NA,0.11685,3.14,0.201928888888889,2.97177777777778
"Bivalvia","Clams, cockles, arkshells","Veneroida","Mactridae","Mactra","Mactra quadrangularis","Globose clam",TRUE,TRUE,45,12.4,901.076923076923,NA,NA,NA,NA,NA,NA,7.26415384615385,0.333569230769231,27.6,0.02,10,30,NA,NA,0.11685,3.14,0.201928888888889,2.97177777777778
"Bivalvia","Clams, cockles, arkshells","Veneroida","Mactridae","Tresus","Tresus nuttallii","Pacific horse clam",TRUE,TRUE,61,0.5,2845,NA,NA,NA,NA,NA,NA,7.26415384615385,0.333569230769231,22.5,0.47,2,20,NA,NA,NA,NA,0.201928888888889,2.97177777777778
"Bivalvia","Clams, cockles, arkshells","Myoida","Myidae","Mya","Mya arenaria","Sand gaper",TRUE,TRUE,34,711.6,670,NA,NA,6.68285714285714,0.285714285714286,6.70625,0.26,6.70625,0.26,10,0.29,4.7,23.6,0.182125625,2.92411875,0.182125625,2.92411875,0.182125625,2.92411875
"Bivalvia","Mussels","Mytiloida","Mytilidae","Aulacomya","Aulacomya ater","Cholga mussel",TRUE,TRUE,27,1705.1814,3257.82808378992,NA,NA,NA,NA,NA,NA,9.37926984126984,0.591796825396825,6.3,0.35,0,25.6,NA,NA,NA,NA,0.0798614705882353,2.72427058823529
"Bivalvia","Mussels","Mytiloida","Mytilidae","Choromytilus","Choromytilus chorus","Choro mussel",TRUE,TRUE,31,1092.396,2400,NA,NA,NA,NA,NA,NA,9.37926984126984,0.591796825396825,5,0.35,20,26.3,NA,NA,NA,NA,0.0798614705882353,2.72427058823529
"Bivalvia","Mussels","Mytiloida","Mytilidae","Mytilus","Mytilus chilensis","Chilean mussel",TRUE,TRUE,5,265626,8458,NA,NA,NA,NA,8.26395238095238,0.40147619047619,9.37926984126984,0.591796825396825,10.2,0.5,12,16,NA,NA,0.09212,3.02333333333333,0.0798614705882353,2.72427058823529
"Bivalvia","Mussels","Mytiloida","Mytilidae","Mytilus","Mytilus coruscus","Korean mussel",TRUE,TRUE,13,54046.2,385.546153473685,NA,NA,NA,NA,8.26395238095238,0.40147619047619,9.37926984126984,0.591796825396825,10,0.21,2.9,20,0.12915,2.8,0.09212,3.02333333333333,0.0798614705882353,2.72427058823529
"Bivalvia","Mussels","Mytiloida","Mytilidae","Mytilus","Mytilus edulis","Blue mussel",TRUE,TRUE,7,172050.798,1812.03809054687,NA,NA,8.78686666666667,0.330066666666667,8.26395238095238,0.40147619047619,9.37926984126984,0.591796825396825,11,0.31,-1.4,23.4,0.073605,3.135,0.09212,3.02333333333333,0.0798614705882353,2.72427058823529
"Bivalvia","Mussels","Mytiloida","Mytilidae","Mytilus","Mytilus galloprovincialis","Mediterranean mussel",TRUE,TRUE,10,102064.32,976.028384478711,NA,NA,6.95666666666667,0.58,8.26395238095238,0.40147619047619,9.37926984126984,0.591796825396825,15,0.58,7.6,9,NA,NA,0.09212,3.02333333333333,0.0798614705882353,2.72427058823529
"Bivalvia","Mussels","Mytiloida","Mytilidae","Mytilus","Mytilus planulatus","Australian mussel",TRUE,TRUE,22,3417.5378,2417.10114540431,NA,NA,NA,NA,8.26395238095238,0.40147619047619,9.37926984126984,0.591796825396825,6,0.46,12.3,21.3,NA,NA,0.09212,3.02333333333333,0.0798614705882353,2.72427058823529
"Bivalvia","Mussels","Mytiloida","Mytilidae","Mytilus","Mytilus platensis","River Plata mussel",TRUE,TRUE,51,5.144,3006.21685909854,NA,NA,NA,NA,8.26395238095238,0.40147619047619,9.37926984126984,0.591796825396825,9,0.73,13.7,20.9,NA,NA,0.09212,3.02333333333333,0.0798614705882353,2.72427058823529
"Bivalvia","Mussels","Mytiloida","Mytilidae","Perna","Perna canaliculus","New Zealand mussel",TRUE,TRUE,11,90312.6,5424.63729490036,NA,NA,17.235,0.6,11.6275,0.849107142857143,9.37926984126984,0.591796825396825,15,0.6,18.2,18.2,0.13502,2.8,0.116098461538462,2.71101538461538,0.0798614705882353,2.72427058823529
"Bivalvia","Mussels","Mytiloida","Mytilidae","Perna","Perna perna","South American rock mussel",TRUE,TRUE,18,18114.93,1323.62471075234,NA,NA,10.3692727272727,0.377727272727273,11.6275,0.849107142857143,9.37926984126984,0.591796825396825,17,0.38,10,30,0.1280125,2.6625,0.116098461538462,2.71101538461538,0.0798614705882353,2.72427058823529
"Bivalvia","Mussels","Mytiloida","Mytilidae","Perna","Perna viridis","Green mussel",TRUE,TRUE,8,149204.9088,441.764239402605,NA,NA,11.8025333333333,1.228,11.6275,0.849107142857143,9.37926984126984,0.591796825396825,16.5,1.24,23.6,23.6,0.10777625,2.72415,0.116098461538462,2.71101538461538,0.0798614705882353,2.72427058823529
"Bivalvia","Oysters","Ostreoida","Ostreidae","Crassostrea","Crassostrea corteziensis","Cortez oyster",FALSE,TRUE,20,4721.20257,880.809775386479,NA,NA,NA,NA,11.416875,1.65,11.416875,1.65,NA,NA,NA,NA,0.13801,2.8389,0.1639725,2.723375,0.24054125,2.38663
"Bivalvia","Oysters","Ostreoida","Ostreidae","Crassostrea","Crassostrea gigas","Pacific cupped oyster",TRUE,TRUE,3,593925.19459,2107.34813241119,NA,NA,10.14,2.52,11.416875,1.65,11.416875,1.65,45,1.15,15,30,0.1914,2.8644,0.1639725,2.723375,0.24054125,2.38663
"Bivalvia","Oysters","Ostreoida","Ostreidae","Crassostrea","Crassostrea iredalei","Slipper cupped oyster",TRUE,TRUE,17,21428.48,200.613731436005,NA,NA,NA,NA,11.416875,1.65,11.416875,1.65,9,1.58,14,34,NA,NA,0.1639725,2.723375,0.24054125,2.38663
"Bivalvia","Oysters","Ostreoida","Ostreidae","Crassostrea","Crassostrea madrasensis","Indian backwater oyster",TRUE,TRUE,21,4235.056,1048.69272640211,NA,NA,13.32,1.205,11.416875,1.65,11.416875,1.65,11.6,1.44,30,45,0.3055,2.7002,0.1639725,2.723375,0.24054125,2.38663
"Bivalvia","Oysters","Ostreoida","Ostreidae","Crassostrea","Crassostrea rhizophorae","Mangrove cupped oyster",TRUE,TRUE,29,1162.06,1000,NA,NA,8.69,2.79,11.416875,1.65,11.416875,1.65,12,2.79,24.8,24.8,NA,NA,0.1639725,2.723375,0.24054125,2.38663
"Bivalvia","Oysters","Ostreoida","Ostreidae","Crassostrea","Crassostrea tulipa","Gasar cupped oyster",TRUE,TRUE,37,189.406,2503.6357904303,NA,NA,NA,NA,11.416875,1.65,11.416875,1.65,15.4,1.58,18,26,NA,NA,0.1639725,2.723375,0.24054125,2.38663
"Bivalvia","Oysters","Ostreoida","Ostreidae","Crassostrea","Crassostrea virginica","American cupped oyster",TRUE,TRUE,9,108275.8,1167.95101997355,NA,NA,9.085,0.55,11.416875,1.65,11.416875,1.65,30,0.88,-1.6,24.3,0.02098,2.49,0.1639725,2.723375,0.24054125,2.38663
"Bivalvia","Oysters","Ostreoida","Ostreidae","Ostrea","Ostrea chilensis","Chilean flat oyster",TRUE,TRUE,35,254.192,3000,NA,NA,NA,NA,NA,NA,11.416875,1.65,10,1.01,14,14,NA,NA,NA,NA,0.24054125,2.38663
"Bivalvia","Oysters","Ostreoida","Ostreidae","Ostrea","Ostrea conchaphila","Olympia oyster",TRUE,FALSE,NA,NA,NA,NA,NA,NA,NA,NA,NA,11.416875,1.65,12.5,0.47,6,20,NA,NA,NA,NA,0.24054125,2.38663
"Bivalvia","Oysters","Ostreoida","Ostreidae","Ostrea","Ostrea edulis","European flat oyster",TRUE,TRUE,25,2324.8546,7398.69069103829,NA,NA,NA,NA,NA,NA,11.416875,1.65,12,1.01,8.4,11.9,NA,NA,NA,NA,0.24054125,2.38663
"Bivalvia","Oysters","Ostreoida","Ostreidae","Saccostrea","Saccostrea cucullata","Hooded oyster",TRUE,TRUE,52,3,10562.3333333333,NA,NA,NA,NA,NA,NA,11.416875,1.65,20,1.58,18.7,25.6,NA,NA,NA,NA,0.24054125,2.38663
"Bivalvia","Oysters","Ostreoida","Ostreidae","Saccostrea","Saccostrea glomerata","Sydney cupped oyster",TRUE,FALSE,NA,NA,NA,NA,NA,NA,NA,NA,NA,11.416875,1.65,22.4,0.93,10.8,19.7,NA,NA,NA,NA,0.24054125,2.38663
"Bivalvia","Scallops, pectens","Ostreoida","Pectinidae","Aequipecten","Aequipecten opercularis","Queen scallop",TRUE,TRUE,48,7.7414,5098.53642881557,NA,NA,6.87333333333333,0.796666666666667,6.87333333333333,0.796666666666667,10.5103,0.6041,11,0.74,4.9,19.2,0.15101,2.986,0.15101,2.986,0.129892,3.0898
"Bivalvia","Scallops, pectens","Ostreoida","Pectinidae","Argopecten","Argopecten purpuratus","Peruvian calico scallop",TRUE,TRUE,15,39816.326,10411.4800639186,NA,NA,NA,NA,NA,NA,10.5103,0.6041,12,2.32,16,20,NA,NA,NA,NA,0.129892,3.0898
"Bivalvia","Scallops, pectens","Ostreoida","Pectinidae","Argopecten","Argopecten ventricosus","Pacific calico scallop",TRUE,FALSE,NA,NA,NA,NA,NA,NA,NA,NA,NA,10.5103,0.6041,17.5,0.6,20,29,NA,NA,NA,NA,0.129892,3.0898
"Bivalvia","Scallops, pectens","Ostreoida","Pectinidae","Mimachlamys","Mimachlamys varia","Variegated scallop",TRUE,TRUE,62,0.395,18796.9379663849,NA,NA,NA,NA,NA,NA,10.5103,0.6041,9,0.57,3.5,19.2,NA,NA,NA,NA,0.129892,3.0898
"Bivalvia","Scallops, pectens","Ostreoida","Pectinidae","Mizuhopecten","Mizuhopecten yessoensis","Yesso scallop",TRUE,TRUE,6,195203.2,2146.03461741808,NA,NA,13.35,0.925,13.35,0.925,10.5103,0.6041,25,0.93,5,23,0.14439,2.98,0.14439,2.98,0.129892,3.0898
"Bivalvia","Scallops, pectens","Ostreoida","Pectinidae","Nodipecten","Nodipecten subnodosus","Pacific lion's paw",TRUE,TRUE,46,10,2998.85,NA,NA,NA,NA,NA,NA,10.5103,0.6041,17.8,0.55,15.5,25.1,NA,NA,NA,NA,0.129892,3.0898
"Bivalvia","Scallops, pectens","Ostreoida","Pectinidae","Pecten","Pecten fumatus","Southern Australia scallop",TRUE,FALSE,NA,NA,NA,NA,NA,NA,NA,12.4775,0.53,10.5103,0.6041,8.6,1.6,12,21,NA,NA,0.10303,3.031,0.129892,3.0898
"Bivalvia","Scallops, pectens","Ostreoida","Pectinidae","Pecten","Pecten jacobaeus","Great Mediterranean scallop",FALSE,TRUE,69,0.0415,15493.8446969697,NA,NA,12.7625,0.475,12.4775,0.53,10.5103,0.6041,NA,NA,NA,NA,NA,NA,0.10303,3.031,0.129892,3.0898
"Bivalvia","Scallops, pectens","Ostreoida","Pectinidae","Pecten","Pecten maximus","Great Atlantic scallop",TRUE,TRUE,40,55.5704,6959.85858678113,NA,NA,12.335,0.5575,12.4775,0.53,10.5103,0.6041,17,0.56,7.9,15.9,0.10303,3.031,0.10303,3.031,0.129892,3.0898
"Bivalvia","Clams, cockles, arkshells","Veneroida","Pharidae","Ensis","Ensis ensis","Pod razor shell",FALSE,TRUE,47,8.4946,32937.3938962087,NA,NA,NA,NA,14.9566666666667,0.383333333333333,13.4015,0.3191675,NA,NA,NA,NA,0.00721,3.077,0.00917333333333333,3.06233333333333,0.0259271428571429,3.17095714285714
"Bivalvia","Clams, cockles, arkshells","Veneroida","Psammobiidae","Asaphis","Asaphis violascens","Pacific asaphis",FALSE,TRUE,66,0.3,3000,NA,NA,NA,NA,NA,NA,8.138,0.65,NA,NA,NA,NA,NA,NA,NA,NA,0.02155,3.11366666666667
"Bivalvia","Clams, cockles, arkshells","Veneroida","Psammobiidae","Soletellina","Soletellina diphos","Diphos sanguin",TRUE,TRUE,39,71.3726,4431.49211604513,NA,NA,NA,NA,NA,NA,8.138,0.65,12,0.87,21.8,28.3,NA,NA,NA,NA,0.02155,3.11366666666667
"Bivalvia","Pearls, mother-of-pearl, shells","Pterioida","Pteriidae","Pinctada","Pinctada margaritifera","Blacklip pearl oyster",FALSE,TRUE,26,1751.872,1098.20009398048,NA,NA,30.9614285714286,0.558428571428571,20.689,0.579746153846154,20.689,0.579746153846154,NA,NA,NA,NA,NA,NA,0.10327,2.82355,0.10327,2.82355
"Bivalvia","Pearls, mother-of-pearl, shells","Pterioida","Pteriidae","Pteria","Pteria penguin","Penguin wing oyster",FALSE,TRUE,14,40598.465,587.499998054712,NA,NA,NA,NA,NA,NA,20.689,0.579746153846154,NA,NA,NA,NA,NA,NA,NA,NA,0.10327,2.82355
"Bivalvia","Clams, cockles, arkshells","Veneroida","Semelidae","Scrobicularia","Scrobicularia plana","Peppery furrow",TRUE,FALSE,NA,NA,NA,NA,NA,NA,NA,NA,NA,8.79666666666667,0.203666666666667,17.8,0.55,9.6,12.3,NA,NA,NA,NA,0.0776116666666667,3.026
"Bivalvia","Clams, cockles, arkshells","Veneroida","Solecurtidae","Sinonovacula","Sinonovacula constricta","Constricted tagelus",TRUE,TRUE,2,772791,1620.8,NA,NA,NA,NA,NA,NA,6.5272,0.596,25.6,0.87,15,20,NA,NA,NA,NA,NA,NA
"Bivalvia","Clams, cockles, arkshells","Veneroida","Tridacnidae","Hippopus","Hippopus hippopus","Bear paw clam",TRUE,TRUE,55,1.8748,4600.68287037037,NA,NA,29.6875,0.15,24.622,0.146,37.3044444444444,0.141852222222222,40,0.15,24.7,29.2,NA,NA,NA,NA,0.11665,3.09896666666667
"Bivalvia","Clams, cockles, arkshells","Veneroida","Veneridae","Chamelea","Chamelea gallina","Striped venus",TRUE,FALSE,NA,NA,NA,NA,NA,3.59588888888889,0.429388888888889,3.59588888888889,0.429388888888889,7.56058666666667,0.402481578947368,5,0.43,6.5,13.1,0.388458,2.7036,0.388458,2.7036,0.247299130434783,3.09213597122302
"Bivalvia","Clams, cockles, arkshells","Veneroida","Veneridae","Cyclina","Cyclina sinensis","Oriental cyclina",TRUE,TRUE,41,36.4,5110.18132513591,NA,NA,NA,NA,NA,NA,7.56058666666667,0.402481578947368,5,0.87,20,35,0.29659,3.061,0.29659,3.061,0.247299130434783,3.09213597122302
"Bivalvia","Clams, cockles, arkshells","Veneroida","Veneridae","Leukoma","Leukoma staminea","Pacific littleneck clam",TRUE,TRUE,43,21.4,3042,NA,NA,5.64057333333333,0.198356666666667,6.32593777777778,0.199015555555556,7.56058666666667,0.402481578947368,7.5,0.17,9.2,10.2,0.298124117647059,3.0427568627451,0.298124117647059,3.0427568627451,0.247299130434783,3.09213597122302
"Bivalvia","Clams, cockles, arkshells","Veneroida","Veneridae","Mercenaria","Mercenaria mercenaria","Northern quahog(=Hard clam)",TRUE,TRUE,16,25816.678,2708.32734155958,NA,NA,8.18,0.5,8.905,0.57,7.56058666666667,0.402481578947368,13,0.33,9.2,24.4,0.06151,3.09,0.06151,3.09,0.247299130434783,3.09213597122302
"Bivalvia","Clams, cockles, arkshells","Veneroida","Veneridae","Meretrix","Meretrix lusoria","Japanese hard clam",TRUE,TRUE,12,54288.3546,2580.22119507579,NA,NA,NA,NA,8.14,0.97,7.56058666666667,0.402481578947368,5,0.47,5.5,15.9,NA,NA,NA,NA,0.247299130434783,3.09213597122302
"Bivalvia","Clams, cockles, arkshells","Veneroida","Veneridae","Paphia","Paphia gallus","Rooster venus",TRUE,FALSE,NA,NA,NA,NA,NA,NA,NA,6.53875,0.86,7.56058666666667,0.402481578947368,7.5,0.87,21.8,28.3,NA,NA,0.1909,2.97,0.247299130434783,3.09213597122302
"Bivalvia","Clams, cockles, arkshells","Veneroida","Veneridae","Ruditapes","Ruditapes decussatus","Grooved carpet shell",TRUE,TRUE,19,5430.9495,8256.47502598014,NA,NA,5.26,0.563333333333333,5.435,0.49403875,7.56058666666667,0.402481578947368,6,0.87,11.8,11.8,0.19275,3.605,0.23500775,3.07997,0.247299130434783,3.09213597122302
"Bivalvia","Clams, cockles, arkshells","Veneroida","Veneridae","Ruditapes","Ruditapes philippinarum","Japanese carpet shell",TRUE,TRUE,1,3968960.8431,1629.51911928815,NA,NA,5.54,0.452462,5.435,0.49403875,7.56058666666667,0.402481578947368,8,0.56,10.2,24.7,0.236091282051282,3.06650769230769,0.23500775,3.07997,0.247299130434783,3.09213597122302
"Bivalvia","Clams, cockles, arkshells","Veneroida","Veneridae","Saxidomus","Saxidomus gigantea","Butter clam",TRUE,TRUE,32,1007,2269.28594848933,NA,NA,NA,NA,NA,NA,7.56058666666667,0.402481578947368,13,0.47,9,11.8,0.202532142857143,3.17885714285714,0.202532142857143,3.17885714285714,0.247299130434783,3.09213597122302
"Bivalvia","Clams, cockles, arkshells","Veneroida","Veneridae","Tapes","Tapes aureus","Golden carpet shell",TRUE,TRUE,53,2.34275,3157.48706845026,NA,NA,NA,NA,NA,NA,7.56058666666667,0.402481578947368,4.5,0.55,7.2,10,NA,NA,NA,NA,0.247299130434783,3.09213597122302
"Bivalvia","Clams, cockles, arkshells","Veneroida","Veneridae","Venerupis","Venerupis corrugata","Pullet carpet shell",TRUE,TRUE,36,198.9916,13939.6651571513,NA,NA,NA,NA,NA,NA,7.56058666666667,0.402481578947368,5,0.47,10.3,12.3,NA,NA,0.08166,3.611,0.247299130434783,3.09213597122302
"Bivalvia","Clams, cockles, arkshells","Veneroida","Veneridae","Venerupis","Venerupis rhomboides","Banded carpet shell",TRUE,FALSE,NA,NA,NA,NA,NA,NA,NA,NA,NA,7.56058666666667,0.402481578947368,4.5,0.55,7.2,10,0.08166,3.611,0.08166,3.611,0.247299130434783,3.09213597122302
"Bivalvia","Clams, cockles, arkshells","Veneroida","Veneridae","Venus","Venus verrucosa","Warty venus",TRUE,TRUE,63,0.3258,19031.1814913723,NA,NA,5.735,0.2215,5.735,0.2215,7.56058666666667,0.402481578947368,17.8,0.25,9.6,15.9,0.1394,3.27,0.1394,3.27,0.247299130434783,3.09213597122302
