"class","isscaap","order","family","genus","species","comm_name","gentry","fao","fao_rank","fao_mt_yr","feed_group","feed_group_long","fcr","fm_perc","fo_perc","fmfo_perc","harvest_kg_m3","harvest_cm_ft","fish_juv_m3","bivalve_juv_ft","nstocked","nstocked_adj","rope_ft_req","lines_n","harvest_linf_prop","harvest_cm","harvest_g","harvest_yr","prod_mt_yr","edible_mt_yr","revenue_usd_yr","price_usd_mt_isscaap","price_usd_mt_spp","m","m_source","a","a_source","b","b_source","linf_cm","linf_source","k","k_source","sst_c_min","sst_c_q10","sst_c_q90","sst_c_max","sal_psu_min","sal_psu_q10","sal_psu_q90","sal_psu_max"
"Finfish","Miscellaneous pelagic fishes","Perciformes","Coryphaenidae","Coryphaena","Coryphaena hippurus","Common dolphinfish",TRUE,FALSE,NA,NA,"Misc marine fish","Misc marine fish",1.6,8,3,11,5,400,1.88607226392228,NA,339493.007506011,742248.106474028,NA,NA,0.52,75.2414779144517,2651.01189156029,0.586182994243074,1535.3567210904,1335.76034734865,12296874.7102611,8009.13204165863,NA,1.33444712644635,"FishLife",0.01782,"FB species-average",2.75652631578947,"FB species-average",144.695149835484,"FishLife",1.25211611781396,"FishLife",7.79,20.63,27.96,32.16,21.03,33.55,36.07,39.25
"Finfish","Cods, hakes, haddocks","Gadiformes","Gadidae","Pollachius","Pollachius pollachius","Pollack",TRUE,FALSE,NA,NA,"Misc marine fish","Misc marine fish",1.6,8,3,11,15,400,23.023059726478,NA,4144150.75076605,17874504.86782,NA,NA,0.52,40.880599678732,651.520700471841,3.56104710677728,758.203954915799,659.637440776745,2749873.0009226,3626.82492368162,NA,0.410462839240767,"FishLife",0.007724,"FB species-average",3.0568,"FB species-average",78.6165378437153,"FishLife",0.206110493085961,"FishLife",6.33,9.6,12.53,19.3,6.4,33.88,35.25,38.08
"Finfish","Miscellaneous coastal fishes","Perciformes","Moronidae","Dicentrarchus","Dicentrarchus labrax","European seabass",TRUE,TRUE,6,174792.109,"Misc marine fish","Misc marine fish",1.6,8,3,11,15,400,20.8791536104965,NA,3758247.64988936,8768744.69202789,NA,NA,0.52,38.65237719535,718.419926392952,4.21126501696358,641.137517853665,557.789640532689,6621724.90174539,10328.0883076581,5824.28193210075,0.201184408466873,"FishLife",0.012041875,"FB species-average",3.00891875,"FB species-average",74.3314946064423,"FishLife",0.174287101885934,"FishLife",0.64,10.19,20,29.58,3.58,31.02,37.97,39.25
"Finfish","Cods, hakes, haddocks","Gadiformes","Gadidae","Gadus","Gadus morhua","Atlantic cod",TRUE,TRUE,35,1411.182,"Misc marine fish","Misc marine fish",1.6,8,3,11,15,400,9.11943927701343,NA,1641499.06986242,5385002.97355786,NA,NA,0.52,55.0423834121164,1644.83797132234,4.35618258091991,619.808731577508,539.233596472432,2247937.7556008,3626.82492368162,3626.82492368162,0.272717671817489,"FishLife",0.0066725,"FB species-average",3.09751428571429,"FB species-average",105.850737330993,"FishLife",0.168489075342018,"FishLife",-0.57,4.15,12.15,19.38,3.58,27.18,35.12,39.76
"Finfish","Miscellaneous pelagic fishes","Perciformes","Carangidae","Caranx","Caranx hippos","Crevalle jack",TRUE,FALSE,NA,NA,"Misc marine fish","Misc marine fish",1.6,8,3,11,15,400,49.6425770124639,NA,8935663.8622435,72066807.6171901,NA,NA,0.52,26.4930463084254,302.159978444187,1.99550103124872,1353.04365055148,1177.14797597979,10836705.2553946,8009.13204165863,NA,1.0461248051256,"FishLife",0.02745,"FB species-average",2.84,"FB species-average",50.9481659777412,"FishLife",0.367811974830656,"FishLife",8.72,19.5,28.08,32.28,17.86,29.02,36.24,40.28
"Finfish","Miscellaneous pelagic fishes","Perciformes","Scombridae","Scomber","Scomber japonicus","Pacific chub mackerel",FALSE,TRUE,57,188.2,"Misc marine fish","Misc marine fish",1.6,8,3,11,15,400,86.2339032550741,NA,15522102.5859133,52717506.4438054,NA,NA,0.52,22.8828915245348,173.945506741484,2.52920687816494,1067.52833202754,928.74964886396,8549975.36942016,8009.13204165863,13779.018641832,0.483425306189416,"FishLife",0.00757923076923077,"FB species-average",3.20761538461538,"FB species-average",44.0055606241054,"FishLife",0.290197366382591,"FishLife",3.29,11.77,27.48,31.68,24.32,31.48,34.75,36.37
"Finfish","Tunas, bonitos, billfishes","Perciformes","Scombridae","Thunnus","Thunnus albacares","Yellowfin tuna",TRUE,TRUE,73,46.4806,"Tuna","Tuna",6,8,6,14,5,400,0.299969461345771,NA,53994.5030422388,187754.874844273,NA,NA,0.52,100.687736049689,16668.3634312913,2.24939989124928,400.106714462475,348.092841582354,5703148.49798388,14254.0684568261,6952.58965412036,0.554038885587575,"FishLife",0.03632,"FB species-average",2.82666666666667,"FB species-average",193.630261634018,"FishLife",0.326295550175636,"FishLife",2.39,19.21,28.34,32.54,4.31,33.84,36.26,39.01
"Finfish","Tunas, bonitos, billfishes","Perciformes","Scombridae","Thunnus","Thunnus maccoyii","Southern bluefin tuna",TRUE,TRUE,25,8088.6,"Tuna","Tuna",6,8,6,14,5,400,0.18122114626544,NA,32619.8063277792,104778.640596903,NA,NA,0.52,115.561165982426,27590.5991273025,4.81355365400404,186.972051147982,162.665684498745,2665112.41657652,14254.0684568261,13512.2475271964,0.242425942233688,"FishLife",0.0123725,"FB species-average",3.0775,"FB species-average",222.233011504666,"FishLife",0.152479691271264,"FishLife",0.17,9.25,23.35,30.13,28.98,34.18,35.7,37.65
"Finfish","Tunas, bonitos, billfishes","Perciformes","Scombridae","Thunnus","Thunnus thynnus","Atlantic bluefin tuna",TRUE,TRUE,26,5801.2,"Tuna","Tuna",6,8,6,14,5,400,0.0419762212655966,NA,7555.71982780739,24662.639753408,NA,NA,0.52,182.574675440603,119115.057269292,7.49069359913453,120.149087409474,104.529706046242,1712613.31695982,14254.0684568261,16945.7092775066,0.157927253703989,"FishLife",0.0290314285714286,"FB species-average",2.92428571428571,"FB species-average",351.105145078083,"FishLife",0.0979841406361893,"FishLife",2.66,11.6,27.36,31.56,3.58,33.13,36.73,39.25
"Finfish","Miscellaneous coastal fishes","Perciformes","Lutjanidae","Lutjanus","Lutjanus guttatus","Spotted rose snapper",FALSE,TRUE,44,508,"Misc marine fish","Misc marine fish",1.6,8,3,11,15,400,28.3488728147968,NA,5102797.10666342,12981323.0570391,NA,NA,0.52,33.3517624211311,529.121566772514,3.44103542167159,784.647546199449,682.643365193521,8103909.14753517,10328.0883076581,4500,0.271349370297971,"FishLife",0.0226,"FB species-average",2.86875,"FB species-average",64.1380046560214,"FishLife",0.213298930449153,"FishLife",18.9,23.44,29,33.2,28.46,31.06,34.64,37.69
"Finfish","Miscellaneous coastal fishes","Perciformes","Lutjanidae","Lutjanus","Lutjanus malabaricus","Malabar blood snapper",FALSE,TRUE,105,0.275,"Misc marine fish","Misc marine fish",1.6,8,3,11,15,400,12.8717324140553,NA,2316911.83452995,5725093.19912267,NA,NA,0.52,42.5391972467063,1165.34430001208,3.75728710971168,718.603588483071,625.185121980272,7421801.32005318,10328.0883076581,6619.09090909091,0.240765107656646,"FishLife",0.01658,"FB species-average",2.97575,"FB species-average",81.8061485513582,"FishLife",0.195345512240219,"FishLife",21.33,25.25,28.84,33.04,20.55,32.16,35.3,38.65
"Finfish","Miscellaneous coastal fishes","Perciformes","Lutjanidae","Lutjanus","Lutjanus russellii","Russell's snapper",TRUE,TRUE,85,13,"Misc marine fish","Misc marine fish",1.6,8,3,11,15,400,35.5957683786035,NA,6407238.30814863,16381479.196428,NA,NA,0.52,30.3880821063143,421.39840445238,3.15659808180705,855.351213561637,744.155555798624,8834142.86772714,10328.0883076581,11218.9512820513,0.297384405020963,"FishLife",0.0131166666666667,"FB species-average",3.03963,"FB species-average",58.4386194352198,"FishLife",0.232519046156179,"FishLife",19.72,24.13,29.21,33.41,21.09,31.28,35.45,38.83
"Finfish","Miscellaneous coastal fishes","Perciformes","Lutjanidae","Lutjanus","Lutjanus sebae","Emperor red snapper",FALSE,TRUE,97,2.15,"Misc marine fish","Misc marine fish",1.6,8,3,11,15,400,9.69896661605043,NA,1745813.99088908,3717231.60635685,NA,NA,0.52,44.2774003743746,1546.5565140906,3.95801013924473,682.160960940646,593.480036018362,7045418.64463191,10328.0883076581,9733.33333333333,0.190943998497963,"FishLife",0.0129033333333333,"FB species-average",3.08511666666667,"FB species-average",85.1488468737973,"FishLife",0.185438932508712,"FishLife",20.37,24.61,28.94,33.14,21.09,32.13,35.38,38.82
"Finfish","Salmons, trouts, smelts","Salmoniformes","Salmonidae","Coregonus","Coregonus lavaretus","European whitefish",TRUE,TRUE,43,634.76,"Salmon","Salmon",1.3,8,6,14,15,400,184.12372904984,NA,33142271.2289712,160792490.942714,NA,NA,0.52,19.7338249400395,81.4669574497901,2.43416181857601,1109.21138413859,965.013904200571,8691838.20482868,7836.05210793861,9764.13596829521,0.64880859664556,"FishLife",0.00927333333333333,"FB species-average",3.04486666666667,"FB species-average",37.9496633462298,"FishLife",0.301528505409543,"FishLife",1.18,6.22,10.76,18.53,3.56,5.63,34.97,38.07
"Finfish","Salmons, trouts, smelts","Salmoniformes","Salmonidae","Salmo","Salmo salar","Atlantic salmon",TRUE,TRUE,1,2276398.7768,"Salmon","Salmon",1.3,8,6,14,15,400,4.11242475631019,NA,740236.456135834,5335012.4271315,NA,NA,0.52,70.64668734522,3647.48314895821,2.57543958332715,1048.36472091181,912.077307193277,8215040.58118949,7836.05210793861,6193.03124831272,0.766889208118968,"FishLife",0.01072,"FB species-average",2.99163,"FB species-average",135.859014125423,"FishLife",0.284987921996603,"FishLife",-0.82,2.17,11.57,20.23,0,0,35.15,37.88
"Finfish","Salmons, trouts, smelts","Salmoniformes","Salmonidae","Salmo","Salmo trutta","Sea trout",TRUE,TRUE,61,173.84,"Salmon","Salmon",1.3,8,6,14,15,400,67.1420486643109,NA,12085568.759576,79131983.8089712,NA,NA,0.52,27.5755371276338,223.406945400121,2.95485062022846,913.751775306749,794.964044516871,7160206.5250251,7836.05210793861,8248.10680170363,0.63593910649133,"FishLife",0.00706272727272727,"FB species-average",3.12394954545455,"FB species-average",53.0298790916034,"FishLife",0.248394680277764,"FishLife",1.18,6.9,14,21.17,3.56,6.46,35.72,39.11
"Finfish","Salmons, trouts, smelts","Salmoniformes","Salmonidae","Oncorhynchus","Oncorhynchus mykiss","Rainbow trout",TRUE,TRUE,4,211490.4438,"Salmon","Salmon",1.3,8,6,14,15,400,39.7352781245947,NA,7152350.06242706,37221214.5536057,NA,NA,0.52,29.8798896949893,377.498301458107,1.55691479219219,1734.19895137505,1508.75308769629,13589273.3485074,7836.05210793861,6411.4021118431,1.05942721331819,"FishLife",0.01265,"FB species-average",3.033,"FB species-average",57.4613263365179,"FishLife",0.471425397690998,"FishLife",0.775,5.4,15.43,23.92,29.5,30.27,33.47,38.04
"Finfish","Salmons, trouts, smelts","Salmoniformes","Salmonidae","Oncorhynchus","Oncorhynchus gorbuscha","Pink salmon",TRUE,FALSE,NA,NA,"Salmon","Salmon",1.3,8,6,14,15,400,5.75440516518914,NA,1035792.92973404,6386464.48189986,NA,NA,0.52,38.5163149526834,2606.69861947529,1.94953069443961,1384.94869955157,1204.90536860986,10852530.1765079,7836.05210793861,NA,0.933052032549931,"FishLife",0.02198,"FB species-average",3.2,"FB species-average",74.069836447468,"FishLife",0.376485057236393,"FishLife",-1.79,3.88,10.68,19.95,19.4,31.17,32.88,35.06
"Finfish","Salmons, trouts, smelts","Salmoniformes","Salmonidae","Oncorhynchus","Oncorhynchus keta","Chum salmon",TRUE,FALSE,NA,NA,"Salmon","Salmon",1.3,8,6,14,15,400,3.44287836688112,NA,619718.106038601,4564560.25562906,NA,NA,0.52,54.6069356175933,4356.81961474242,2.1335518800672,1265.49535787007,1100.98096134696,9916487.5666243,7836.05210793861,NA,0.935910099272981,"FishLife",0.017935,"FB species-average",3.1,"FB species-average",105.013337726141,"FishLife",0.344012808845822,"FishLife",-0.33,3.26,10.44,20.48,28.76,31.44,32.88,34.43
"Finfish","Salmons, trouts, smelts","Salmoniformes","Salmonidae","Oncorhynchus","Oncorhynchus nerka","Sockeye salmon",TRUE,FALSE,NA,NA,"Salmon","Salmon",1.3,8,6,14,15,400,11.8366424466817,NA,2130595.6404027,10328878.7336684,NA,NA,0.52,41.7730332522893,1267.25125537649,1.90363859854475,1418.33644372626,1233.95270604184,11114158.2796273,7836.05210793861,NA,0.829223650842927,"FishLife",0.017385,"FB species-average",3,"FB species-average",80.3327562544025,"FishLife",0.385561196143684,"FishLife",0,4.6,10.69,24.9,30.22,31.29,32.75,34.06
"Finfish","Salmons, trouts, smelts","Salmoniformes","Salmonidae","Oncorhynchus","Oncorhynchus tshawytscha","Chinook(=Spring=King) salmon",TRUE,TRUE,23,11529.4,"Salmon","Salmon",1.3,8,6,14,15,400,19.693682031984,NA,3544862.76575712,21856820.5061316,NA,NA,0.52,38.5163149526834,761.665592835249,1.94953069443961,1384.94869955157,1204.90536860986,10852530.1765079,7836.05210793861,10959.16148458,0.933052032549931,"FishLife",0.01333,"FB species-average",3,"FB species-average",74.069836447468,"FishLife",0.376485057236393,"FishLife",-1.75,3.69,10.78,19.95,28.76,31.29,32.88,34.2
"Finfish","Salmons, trouts, smelts","Salmoniformes","Salmonidae","Oncorhynchus","Oncorhynchus kisutch","Coho(=Silver) salmon",TRUE,TRUE,7,149523.6,"Salmon","Salmon",1.3,8,6,14,15,400,16.0571501146027,NA,2890287.02062848,19748966.7050996,NA,NA,0.52,43.6919662616381,934.163278847268,1.62869290126045,1657.77108619461,1442.26084498931,12990380.614455,7836.05210793861,5412.98621862352,1.17993107078246,"FishLife",0.0112,"FB species-average",3,"FB species-average",84.0230120416117,"FishLife",0.450649213557803,"FishLife",-1.75,4.63,11.38,26.81,28.76,31.04,32.75,34.79
"Finfish","Salmons, trouts, smelts","Salmoniformes","Salmonidae","Salvelinus","Salvelinus fontinalis","Brook trout",TRUE,FALSE,NA,NA,"Trout","Trout",1.3,8,4,12,15,400,277.603408205442,NA,49968613.4769796,577687245.356586,NA,NA,0.52,16.7954050553735,54.0339187366862,2.81464187920252,959.269461578891,834.564431573635,7516885.48648641,7836.05210793861,NA,0.86960887083015,"FishLife",0.010447,"FB species-average",3.0311,"FB species-average",32.2988558757182,"FishLife",0.260768227923958,"FishLife",-0.92,1.31,10.91,12.66,28.9,29.5,32.47,33.98
"Finfish","Salmons, trouts, smelts","Salmoniformes","Salmonidae","Salvelinus","Salvelinus alpinus","Arctic char",TRUE,TRUE,30,4120.023,"Trout","Trout",1.3,8,4,12,15,400,73.2754508866039,NA,13189581.1595887,373277899.820413,NA,NA,0.52,32.032,204.707031052091,13.3448940923673,202.324573077301,176.022378577251,1585425.89735016,7836.05210793861,7863.54092221211,0.2505,"FB-species",0.00912,"FB species-average",2.89,"FB species-average",61.6,"FB species-average",0.055,"FB species-average",-1.45,-0.47,10.23,21.27,3.92,24.2,34.41,40.22
"Finfish","Miscellaneous coastal fishes","Perciformes","Lutjanidae","Lutjanus","Lutjanus johnii","John's snapper",TRUE,TRUE,27,5735.23308,"Misc marine fish","Misc marine fish",1.6,8,3,11,15,400,14.42927942577,NA,2597270.29663861,6805664.49276121,NA,NA,0.52,39.3922133893911,1039.55295045508,3.77078714344111,716.030870290933,622.946857153112,7395230.05937406,10328.0883076581,5677.4903701572,0.255462383532498,"FishLife",0.0286,"FB species-average",2.8585,"FB species-average",75.7542565180598,"FishLife",0.194646143407183,"FishLife",21.47,25.69,29.21,33.41,17.92,29.87,35.37,38.86
"Finfish","Miscellaneous demersal fishes","Anguilliformes","Muraenesocidae","Muraenesox","Muraenesox cinereus","Daggertooth pike conger",TRUE,FALSE,NA,NA,"Misc marine fish","Misc marine fish",1.6,8,3,11,15,400,187.771996655298,NA,33798959.3979537,143604185.744185,NA,NA,0.52,39.8777016643221,79.8841162004374,3.94680650781495,684.097382188312,595.164722503831,5204291.95973053,7607.5308797161,NA,0.366531976419167,"FishLife",0.002164,"FB family-average",2.8532,"FB family-average",76.6878878160041,"FishLife",0.185965330103437,"FishLife",13.27,18.4,29.17,33.37,11.83,28.28,36.75,39.37
"Finfish","Miscellaneous coastal fishes","Perciformes","Polynemidae","Eleutheronema","Eleutheronema tetradactylum","Fourfinger threadfin",TRUE,TRUE,28,5372.5312,"Misc marine fish","Misc marine fish",1.6,8,3,11,15,400,143.832516665101,NA,25889852.9997181,80424384.0806552,NA,NA,0.52,23.9774919317515,104.287961775194,1.75490151959555,1538.54787283007,1338.53664936216,15890258.2961486,10328.0883076581,6929.95605795139,0.645885986343782,"FishLife",0.00673333333333333,"FB species-average",3.03666666666667,"FB species-average",46.1105614072144,"FishLife",0.418239523349069,"FishLife",18.1,24.64,29.12,33.32,14.99,28.74,35.47,38.69
"Finfish","Miscellaneous coastal fishes","Perciformes","Centropomidae","Centropomus","Centropomus undecimalis","Common snook",TRUE,FALSE,NA,NA,"Misc marine fish","Misc marine fish",1.6,8,3,11,15,400,48.3896572840945,NA,8710138.311137,31584952.5911624,NA,NA,0.52,33.9733753650908,309.983596534594,2.00431590286137,1347.09303864998,1171.97094362548,13912895.8618085,10328.0883076581,NA,0.642709640331923,"FishLife",0.00957285714285714,"FB species-average",2.94571428571429,"FB species-average",65.3334141636361,"FishLife",0.366194357901557,"FishLife",17.03,23.93,28.24,32.44,7.84,32.72,36.33,38.16
"Finfish","Miscellaneous pelagic fishes","Perciformes","Pomatomidae","Pomatomus","Pomatomus saltatrix","Bluefish",TRUE,FALSE,NA,NA,"Misc marine fish","Misc marine fish",1.6,8,3,11,15,400,8.83754387142971,NA,1590757.89685735,7896721.16880166,NA,NA,0.52,51.9239736868415,1697.30416258441,3.95780253539875,682.196743230894,593.511166610877,5463803.79492572,8009.13204165863,NA,0.404829965545565,"FishLife",0.01608625,"FB species-average",2.9284125,"FB species-average",99.8537955516183,"FishLife",0.185448659582066,"FishLife",3.91,14.04,27.44,31.64,13.03,29.75,36.53,40.53
"Finfish","Miscellaneous pelagic fishes","Perciformes","Carangidae","Trachurus","Trachurus japonicus","Japanese jack mackerel",TRUE,TRUE,40,828.8,"Misc marine fish","Misc marine fish",1.6,8,3,11,15,400,96.6433034657458,NA,17395794.6238342,95292433.2197412,NA,NA,0.52,26.9170806106412,155.209926214045,2.43024441532209,1110.99936408748,966.569446756109,8898140.60517541,8009.13204165863,9479.65924613298,0.699815174341497,"FishLife",0.008225,"FB species-average",2.99,"FB species-average",51.7636165589253,"FishLife",0.302014550657006,"FishLife",11.35,13.7,23.54,26.73,33,33.66,34.66,35.28
"Finfish","Miscellaneous pelagic fishes","Perciformes","Carangidae","Trachinotus","Trachinotus carolinus","Florida pompano",TRUE,TRUE,41,720.6,"Misc marine fish","Misc marine fish",1.6,8,3,11,15,400,199.213262010313,NA,35858387.1618563,171840822.50079,NA,NA,0.52,24.3635961281864,75.2961918731268,1.68692167562592,1600.54852516978,1392.47721689771,12819004.4771667,8009.13204165863,7399.67417443561,0.92890566834527,"FishLife",0.02156,"FB species-average",2.555,"FB species-average",46.8530694772816,"FishLife",0.435093807664701,"FishLife",10.91,21.1,27.69,31.89,31.28,32.7,36.22,38.72
"Finfish","Miscellaneous pelagic fishes","Perciformes","Carangidae","Seriola","Seriola quinqueradiata","Japanese amberjack",TRUE,TRUE,8,141071,"Misc marine fish","Misc marine fish",1.6,8,3,11,15,400,7.82442539599341,NA,1408396.57127881,6049958.99905363,NA,NA,0.52,61.7549062451547,1917.07368156145,2.63559614897619,1024.43616069511,891.25945980475,8204844.47925699,8009.13204165863,7708.22139217948,0.553043614726009,"FishLife",0.00814,"FB species-average",3,"FB species-average",118.759435086836,"FishLife",0.27848317177323,"FishLife",7.42,13.33,24.41,25.41,32.6,33.58,34.59,35.68
"Finfish","Miscellaneous pelagic fishes","Perciformes","Carangidae","Seriola","Seriola lalandi","Yellowtail amberjack",FALSE,TRUE,77,32.75,"Misc marine fish","Misc marine fish",1.6,8,3,11,15,400,4.97674891541512,NA,895814.804774722,6358371.42969596,NA,NA,0.52,62.5239229323961,3014.01582738855,3.49240853099052,773.105430261396,672.601724327415,6191903.47308683,8009.13204165863,10019.745,0.561158249708907,"FishLife",0.0321433333333333,"FB species-average",2.76833333333333,"FB species-average",120.238313331531,"FishLife",0.210161316629252,"FishLife",9.33,17.9,27.94,32.14,29.5,33.5,35.6,38.63
"Finfish","Miscellaneous coastal fishes","Perciformes","Moronidae","Dicentrarchus","Dicentrarchus punctatus","Spotted seabass",TRUE,TRUE,101,0.9142,"Misc marine fish","Misc marine fish",1.6,8,3,11,15,400,46.8176122400694,NA,8427170.20321249,22487842.686817,NA,NA,0.52,31.047593712651,320.392247325293,4.65294724910393,580.277371620744,504.841313310047,5993155.9370348,10328.0883076581,3036.81558100668,0.210944537225846,"FishLife",0.00364,"FB species-average",3.314,"FB species-average",59.7069109858673,"FishLife",0.157742853246735,"FishLife",8.27,15.11,24.68,25.45,29.27,33.57,38.59,39.21
"Finfish","Miscellaneous coastal fishes","Perciformes","Sciaenidae","Argyrosomus","Argyrosomus regius","Meagre",TRUE,TRUE,22,17545.9572,"Misc marine fish","Misc marine fish",1.6,8,3,11,15,400,4.09889811399782,NA,737801.660519608,1979282.08653136,NA,NA,0.52,70.9642745079502,3659.52009121054,5.82170797014872,463.781421851537,403.489837010838,4789975.48033393,10328.0883076581,3941.23237851944,0.169506001442041,"FishLife",0.01949,"FB species-average",2.849,"FB species-average",136.469758669135,"FishLife",0.126074543560702,"FishLife",5.66,12.66,27.63,31.83,5.21,27.97,38.54,39.93
"Finfish","Miscellaneous coastal fishes","Perciformes","Sciaenidae","Larimichthys","Larimichthys crocea","Large yellow croaker",TRUE,TRUE,9,140498.2,"Misc marine fish","Misc marine fish",1.6,8,3,11,15,400,81.6615452625984,NA,14699078.1472677,57521551.1985504,NA,NA,0.52,21.3675198229173,183.684988469966,2.10654740630006,1281.71812888003,1115.09477212563,13237698.0205993,10328.0883076581,2143.6,0.647682979365476,"FishLife",0.02695,"FB genus-average",2.882875,"FB genus-average",41.091384274841,"FishLife",0.348422813977561,"FishLife",14.65,18.4,26.63,30.83,24.32,28.14,33.63,37.13
"Finfish","Miscellaneous coastal fishes","Perciformes","Sparidae","Dentex","Dentex dentex","Common dentex",TRUE,TRUE,68,81.3194,"Misc marine fish","Misc marine fish",1.6,8,3,11,15,400,7.75147904847383,NA,1395266.22872529,7282010.71431602,NA,NA,0.52,44.5317739943481,1935.11456409771,6.83624934744785,394.953411260223,343.609467796394,4079113.7089064,10328.0883076581,10137.5594672742,0.241700045607961,"FishLife",0.0238666666666667,"FB species-average",2.9775,"FB species-average",85.6380269122078,"FishLife",0.107364307206584,"FishLife",10.13,16.03,22.45,25.16,15.57,34.95,38.76,40.19
"Finfish","Miscellaneous coastal fishes","Perciformes","Sparidae","Pagrus","Pagrus major","Japanese seabream",TRUE,TRUE,29,5023.4,"Misc marine fish","Misc marine fish",1.6,8,3,11,15,400,35.0732079614158,NA,6313177.43305485,30438814.8865512,NA,NA,0.52,35.7117428589389,427.676875651111,4.86052782466254,555.495225497955,483.280846183221,5737203.74342534,10328.0883076581,9474.36226627081,0.323643758711758,"FishLife",0.0128933333333333,"FB species-average",2.91133333333333,"FB species-average",68.6764285748825,"FishLife",0.151006063859157,"FishLife",15.84,21.08,26.88,31.08,30.7,33.56,34.56,35.27
"Finfish","Miscellaneous coastal fishes","Scorpaeniformes","Hexagrammidae","Pleurogrammus","Pleurogrammus azonus","Okhotsk atka mackerel",TRUE,FALSE,NA,NA,"Misc marine fish","Misc marine fish",1.6,8,3,11,15,400,155.371766392209,NA,27966917.9505976,74366584.0035809,NA,NA,0.52,19.1297989207805,96.5426367241981,1.93479941911534,1395.49349318832,1214.07933907384,14412780.0304113,10328.0883076581,NA,0.505470686862502,"FishLife",0.00904357142857143,"FB family-average",3.14297142857143,"FB family-average",36.7880748476549,"FishLife",0.379351558527858,"FishLife",0.7,5.9,20.45,29.1,32.4,32.9,34.43,34.93
"Finfish","Miscellaneous demersal fishes","Scorpaeniformes","Anoplopomatidae","Anoplopoma","Anoplopoma fimbria","Sablefish ",TRUE,FALSE,NA,NA,"Misc marine fish","Misc marine fish",1.6,8,3,11,15,400,24.2058211851676,NA,4357047.81333018,9869773.82318155,NA,NA,0.52,38.6202097919962,619.685648557604,3.44582896998623,783.556010329436,681.693728986609,5960926.54456833,7607.5308797161,NA,0.237296227913357,"FishLife",0.00357,"FB species-average",3.3019,"FB species-average",74.2696342153773,"FishLife",0.213002206863196,"FishLife",2.28,4.72,12.85,20.56,24.18,30.34,32.86,34.16
"Finfish","Flounders, halibuts, soles","Pleuronectiformes","Pleuronectidae","Pseudopleuronectes","Pseudopleuronectes americanus","Winter flounder",TRUE,FALSE,NA,NA,"Misc marine fish","Misc marine fish",1.6,8,3,11,15,400,47.3604616276388,NA,8524883.09297498,20303521.7636901,NA,NA,0.52,24.5903801637923,316.719885839252,2.32664115403842,1160.47117765176,1009.60992455703,13000638.4284626,11202.8964431238,NA,0.372986201911311,"FishLife",0.0213,"FB species-average",3,"FB species-average",47.2891926226775,"FishLife",0.315462989987188,"FishLife",0.67,4.47,27.48,29.35,29.32,29.94,32.12,35.97
"Finfish","Flounders, halibuts, soles","Pleuronectiformes","Soleidae","Solea","Solea solea","Common sole",TRUE,TRUE,66,85.216,"Misc marine fish","Misc marine fish",1.6,8,3,11,15,400,222.305838099978,NA,40015050.857996,81024354.0723406,NA,NA,0.52,18.8446870368371,67.4746112302009,2.26545224668972,1191.81501351231,1036.87906175571,13351780.1757386,11202.8964431238,12999.0637629499,0.311414254385696,"FishLife",0.00725,"FB species-average",3.112325,"FB species-average",36.2397827631482,"FishLife",0.323983511968825,"FishLife",6.965,9.76,18.98,25,7.59,33.43,37.81,39.09
"Finfish","Miscellaneous coastal fishes","Mugiliformes","Mugilidae","Mugil","Mugil cephalus","Flathead grey mullet",TRUE,TRUE,32,3051.3121,"Misc marine fish","Misc marine fish",1.6,8,3,11,15,400,38.6973168305895,NA,6965517.02950611,18502824.1185448,NA,NA,0.52,31.0421245325873,387.62377416676,2.96612018669036,910.280039263242,791.943634159021,9401452.63020927,10328.0883076581,3928.02521125657,0.329370179562064,"FishLife",0.0163917391304348,"FB species-average",2.93158695652174,"FB species-average",59.6963933318987,"FishLife",0.247450922040746,"FishLife",2.66,15.81,27.83,32.03,15.57,31.11,36.75,39.25
"Finfish","Miscellaneous coastal fishes","Perciformes","Sparidae","Pagellus","Pagellus bogaraveo","Blackspot(=red) seabream",TRUE,TRUE,60,178.256,"Misc marine fish","Misc marine fish",1.6,8,3,11,15,400,47.1778273523522,NA,8492008.9234234,41722127.6013258,NA,NA,0.52,27.8801801602497,317.945968303522,5.38889251483999,501.030590713159,435.896613920448,5174688.18572362,10328.0883076581,10460.0242512685,0.295405044164445,"FishLife",0.0135327272727273,"FB species-average",3.02427272727273,"FB species-average",53.6157310774032,"FishLife",0.136200373835438,"FishLife",6.2,10.71,20.2,27.04,19.62,34.59,37.88,38.38
"Finfish","Miscellaneous coastal fishes","Perciformes","Sparidae","Pagellus","Pagellus erythrinus","Common pandora",TRUE,TRUE,86,10.71,"Misc marine fish","Misc marine fish",1.6,8,3,11,15,400,153.331168004013,NA,27599610.2407223,126977737.17192,NA,NA,0.52,19.6757281173935,97.8274684479509,3.84407917079071,702.378874117886,611.069620482561,7254231.03732302,10328.0883076581,7433.54248366013,0.397028795327559,"FishLife",0.0144568181818182,"FB species-average",2.96027272727273,"FB species-average",37.8379386872952,"FishLife",0.19093497882595,"FishLife",9.68,14.62,21.27,26.05,16.77,34.93,38.84,39.97
"Finfish","Miscellaneous pelagic fishes","Perciformes","Carangidae","Pseudocaranx","Pseudocaranx dentex","White trevally",TRUE,TRUE,31,3606.8,"Misc marine fish","Misc marine fish",1.6,8,3,11,15,400,64.7798364000906,NA,11660370.5520163,56292140.4984669,NA,NA,0.52,25.8416622273825,231.553533222245,3.10407825244993,869.823432405092,756.74638619243,6966530.72306112,8009.13204165863,13455.6068569377,0.507190488383117,"FishLife",0.014555,"FB species-average",2.97499,"FB species-average",49.6955042834279,"FishLife",0.236453180425109,"FishLife",6.81,15.1,24.72,28.85,33.72,34.9,36.49,39.31
"Finfish","Miscellaneous pelagic fishes","Perciformes","Carangidae","Seriola","Seriola dumerili","Greater amberjack",TRUE,TRUE,82,16.494,"Misc marine fish","Misc marine fish",1.6,8,3,11,5,400,0.883290386104853,NA,158992.269498874,894257.177574017,NA,NA,0.52,77.8329224349654,5660.65257661082,3.12832789715839,287.693627262511,250.293455718384,2304176.24828917,8009.13204165863,9224.49546485261,0.552096161180293,"FishLife",0.018784,"FB species-average",2.8972,"FB species-average",149.678696990318,"FishLife",0.234620282530773,"FishLife",7.1,18.95,28.18,32.38,29.54,33.25,37.34,39.65
"Finfish","Miscellaneous pelagic fishes","Perciformes","Carangidae","Seriola","Seriola rivoliana","Longfin yellowtail",TRUE,TRUE,49,400,"Misc marine fish","Misc marine fish",1.6,8,3,11,15,400,10.6058788632827,NA,1909058.19539089,9546707.8631511,NA,NA,0.52,50.8035662041474,1414.30994954408,2.5619581115632,1053.88139947088,916.876817539665,8440675.28461025,8009.13204165863,6000,0.628264112669868,"FishLife",0.008405,"FB species-average",3.0635,"FB species-average",97.6991657772065,"FishLife",0.28648757829704,"FishLife",11.37,24.1,27.94,32.14,27.5,33.48,35.53,39.2
"Finfish","Miscellaneous pelagic fishes","Perciformes","Carangidae","Trachinotus","Trachinotus goodei","Great pompano",TRUE,FALSE,NA,NA,"Misc marine fish","Misc marine fish",1.6,8,3,11,15,400,69.9889468648764,NA,12598010.4356777,60372276.7945128,NA,NA,0.52,24.3635961281864,214.319555757277,1.68692167562592,1600.54852516978,1392.47721689771,12819004.4771667,8009.13204165863,NA,0.92890566834527,"FishLife",0.017385,"FB species-average",2.95,"FB species-average",46.8530694772816,"FishLife",0.435093807664701,"FishLife",10.91,23.23,27.99,32.19,31.28,34.06,36.47,37.65
"Finfish","Miscellaneous coastal fishes","Perciformes","Ephippidae","Chaetodipterus","Chaetodipterus faber","Atlantic spadefish",TRUE,FALSE,NA,NA,"Misc marine fish","Misc marine fish",1.6,8,3,11,15,400,35.0466319822793,NA,6308393.75681027,20779251.0047186,NA,NA,0.52,24.7791877760702,428.001184467155,2.15688334583165,1251.80622550495,1089.07141618931,12928765.2410913,10328.0883076581,NA,0.55268350711278,"FishLife",0.04175,"FB species-average",2.877,"FB species-average",47.6522841847503,"FishLife",0.340291549145973,"FishLife",12.2,22.24,28.17,32.37,7.84,29.04,36.3,40.39
"Finfish","Miscellaneous coastal fishes","Elopiformes","Megalopidae","Megalops","Megalops atlanticus","Tarpon",TRUE,FALSE,NA,NA,"Misc marine fish","Misc marine fish",1.6,8,3,11,5,400,1.34140885130526,NA,241453.593234947,548835.601549135,NA,NA,0.52,88.8176070507102,3727.42433832515,7.77525952591962,115.751763269092,100.70403404411,1195494.43281032,10328.0883076581,NA,0.105606976730247,"FishLife",0.00532,"FB species-average",3,"FB species-average",170.803090482135,"FishLife",0.0943980291118823,"FishLife",2.66,22,28.12,32.32,7.84,30.08,36.19,39.9
"Finfish","Miscellaneous coastal fishes","Mugiliformes","Mugilidae","Mugil","Mugil curema","White mullet",TRUE,FALSE,NA,NA,"Misc marine fish","Misc marine fish",1.6,8,3,11,15,400,133.143953307757,NA,23965911.5953962,75880542.678541,NA,NA,0.52,22.2264564281025,112.660016676297,2.1678076999996,1245.49792862185,1083.58319790101,12863612.5938118,10328.0883076581,NA,0.531655933475212,"FishLife",0.0129333333333333,"FB species-average",2.92534444444444,"FB species-average",42.7431854386587,"FishLife",0.338576698975807,"FishLife",10.52,21.97,28.33,32.53,7.84,30.76,36.17,39.97
"Finfish","Miscellaneous coastal fishes","Mugiliformes","Mugilidae","Mugil","Mugil liza","Lebranche mullet",FALSE,TRUE,80,18.33975,"Misc marine fish","Misc marine fish",1.6,8,3,11,15,400,34.142157104451,NA,6145588.27880117,22532040.3750277,NA,NA,0.52,33.8010209123194,439.339551807185,3.00665201280846,898.008811295051,781.267665826695,9274714.3041104,10328.0883076581,1866.18201859039,0.4321098138515,"FishLife",0.009617,"FB species-average",3.047727,"FB species-average",65.0019632929219,"FishLife",0.244115106089252,"FishLife",11.16,18.01,28.2,32.4,0.59,30.39,36.54,39.41
"Finfish","Miscellaneous coastal fishes","Perciformes","Sparidae","Sparus","Sparus aurata","Gilthead seabream",TRUE,TRUE,5,179131.4713,"Misc marine fish","Misc marine fish",1.6,8,3,11,15,400,41.1244897152909,NA,7402408.14875236,25557853.0261111,NA,NA,0.52,28.4975721256,364.746167158463,2.91655897864938,925.74846583433,805.401165275867,9561211.90581599,10328.0883076581,5523.26703949132,0.424863431482495,"FishLife",0.0177258333333333,"FB species-average",2.96491666666667,"FB species-average",54.8030233184615,"FishLife",0.25165586585192,"FishLife",9.5,13.98,20.78,24.33,16.5,35.09,38.43,39.58
"Finfish","Miscellaneous coastal fishes","Perciformes","Sciaenidae","Sciaenops","Sciaenops ocellatus","Red drum",TRUE,TRUE,13,68382.6462,"Misc marine fish","Misc marine fish",1.6,8,3,11,15,400,10.2024785118628,NA,1836446.1321353,5084183.64666452,NA,NA,0.52,50.3729369069208,1470.23098186965,1.99703868579237,1352.00185114527,1176.24161049638,13963594.5107456,10328.0883076581,2306.78620032389,0.509906106654271,"FishLife",0.00975666666666667,"FB species-average",3.042,"FB species-average",96.8710325133093,"FishLife",0.367528771626665,"FishLife",11.77,15.44,26.1,30.3,29.52,32.63,36.08,39.52
"Finfish","Miscellaneous coastal fishes","Perciformes","Sciaenidae","Umbrina","Umbrina cirrosa","Shi drum",TRUE,TRUE,48,448.452,"Misc marine fish","Misc marine fish",1.6,8,3,11,15,400,29.4546794857018,NA,5301842.30742633,17118702.7751642,NA,NA,0.52,34.2562497872772,509.256941915849,2.18920696589292,1233.32331847334,1072.9912870718,12737872.1450866,10328.0883076581,7111.41305416878,0.535407226586153,"FishLife",0.0117,"FB species-average",3.0225,"FB species-average",65.8774034370716,"FishLife",0.335267147654463,"FishLife",4.06,19.89,21.36,22.41,12.72,22.78,39,39.5
"Finfish","Flounders, halibuts, soles","Pleuronectiformes","Pleuronectidae","Platichthys","Platichthys flesus","European flounder",TRUE,TRUE,95,2.66666666666667,"Misc marine fish","Misc marine fish",1.6,8,3,11,15,400,119.580930187074,NA,21524567.4336734,40048000.9560407,NA,NA,0.52,21.2688821615674,125.43806087253,2.57598294444323,1048.14358566476,911.884919528342,11742244.0477268,11202.8964431238,10686.875,0.24102791743472,"FishLife",0.0121345454545455,"FB species-average",3.02347727272727,"FB species-average",40.9016964645527,"FishLife",0.284927808494803,"FishLife",5.14,8.58,14.92,22.07,5.4,6.9,35.25,39.11
"Finfish","Flounders, halibuts, soles","Pleuronectiformes","Pleuronectidae","Pleuronectes","Pleuronectes platessa","European plaice",TRUE,FALSE,NA,NA,"Misc marine fish","Misc marine fish",1.6,8,3,11,15,400,63.13539445814,NA,11364371.0024652,23695783.7585166,NA,NA,0.52,28.1670981265116,237.584640576615,5.30994270308967,508.480062963573,442.377654778309,5696449.48877399,11202.8964431238,NA,0.138384548061425,"FishLife",0.0087575,"FB species-average",3.0580875,"FB species-average",54.1674963971377,"FishLife",0.138225441614112,"FishLife",-1.77,8.8,13.4,18,6.25,28.7,35.37,36
"Finfish","Flounders, halibuts, soles","Pleuronectiformes","Scophthalmidae","Scophthalmus","Scophthalmus maximus","Turbot",TRUE,TRUE,12,68833.9186,"Misc marine fish","Misc marine fish",1.6,8,3,11,15,400,32.8874024494097,NA,5919732.44089374,15109811.398703,NA,NA,0.52,29.0155525358065,456.101694959775,2.79873934238075,964.720064892948,839.306456456865,10807658.9835994,11202.8964431238,7266.54109460494,0.334812545081137,"FishLife",0.012911,"FB species-average",3.109535,"FB species-average",55.7991394919355,"FishLife",0.262249922301035,"FishLife",6.7,8.91,12.49,21.91,5.61,7.26,35.22,39.11
"Finfish","Flounders, halibuts, soles","Pleuronectiformes","Paralichthyidae","Paralichthys","Paralichthys olivaceus","Bastard halibut",TRUE,TRUE,16,43985,"Misc marine fish","Misc marine fish",1.6,8,3,11,15,400,16.3172425395724,NA,2937103.65712304,9077855.67997454,NA,NA,0.52,41.3725065954052,919.272969291357,3.32764594926707,811.38439640632,705.904424873498,9089855.36850653,11202.8964431238,10839.420454914,0.339102800658963,"FishLife",0.0062,"FB species-average",3.1985,"FB species-average",79.5625126834715,"FishLife",0.220567087445664,"FishLife",5.45,13.45,26.49,30.69,30.7,32.9,34.52,35.38
"Finfish","Flounders, halibuts, soles","Pleuronectiformes","Pleuronectidae","Hippoglossus","Hippoglossus hippoglossus","Atlantic halibut",TRUE,TRUE,33,1442.9536,"Misc marine fish","Misc marine fish",1.6,8,3,11,5,400,0.142239760928696,NA,25603.1569671652,124209.135399176,NA,NA,0.52,106.338916573983,35151.9150999311,11.2303865827639,80.1397167735341,69.7215535929747,897796.947995176,11202.8964431238,13602.1423023349,0.140623036097847,"FishLife",0.015675,"FB species-average",3.13355,"FB species-average",204.497916488428,"FishLife",0.0653556464571464,"FishLife",-0.92,2.23,10.86,18.98,5.21,28.51,34.96,37.77
"Finfish","Cods, hakes, haddocks","Gadiformes","Gadidae","Melanogrammus","Melanogrammus aeglefinus","Haddock",TRUE,FALSE,NA,NA,"Misc marine fish","Misc marine fish",1.6,8,3,11,15,400,33.9823063217269,NA,6116815.13791083,17075442.8543023,NA,NA,0.52,35.5160462562427,441.406179380169,3.07397593682515,878.341293324696,764.156925192486,3185590.09412876,3626.82492368162,NA,0.333964807559716,"FishLife",0.00587727272727273,"FB species-average",3.14472727272727,"FB species-average",68.3000889543129,"FishLife",0.238768679444594,"FishLife",-0.57,6.57,12.74,18.98,3.58,29.71,35.28,39.61
"Finfish","Miscellaneous coastal fishes","Perciformes","Lutjanidae","Lutjanus","Lutjanus erythropterus","Crimson snapper",FALSE,TRUE,76,34.61502,"Misc marine fish","Misc marine fish",1.6,8,3,11,15,400,26.2045045186603,NA,4716810.81335886,13468743.417292,NA,NA,0.52,32.073751420651,572.420668718175,2.45004899289529,1102.01877914667,958.756337857604,11381747.2677244,10328.0883076581,7529.42799205828,0.428252171902219,"FishLife",0.0181038405797101,"FB genus-average",2.98771391304348,"FB genus-average",61.6802911935597,"FishLife",0.299573264538212,"FishLife",21.47,25.45,29.21,33.41,21.09,31.13,35.2,38.34
"Finfish","Miscellaneous coastal fishes","Perciformes","Lutjanidae","Lutjanus","Lutjanus argentimaculatus","Mangrove red snapper",TRUE,TRUE,24,9079.6914,"Misc marine fish","Misc marine fish",1.6,8,3,11,15,400,8.5899476881601,NA,1546190.58386882,3881274.37393312,NA,NA,0.52,46.2870807158685,1746.2271651171,3.92181894157795,688.456055779477,598.956768528145,7110434.94003245,10328.0883076581,5842.36873321361,0.234679199186995,"FishLife",0.020026,"FB species-average",2.966452,"FB species-average",89.0136167612855,"FishLife",0.187150193829419,"FishLife",15.4,23.46,29.21,33.41,21.09,31.86,35.51,38.86
"Finfish","Miscellaneous pelagic fishes","Atheriniformes","Atherinidae","Atherina","Atherina boyeri","Big-scale sand smelt",TRUE,TRUE,102,0.60375,"Misc marine fish","Misc marine fish",1.6,8,3,11,15,400,9639.44619491836,NA,1735100315.08531,8581828418.91,NA,NA,0.52,5.70604026189668,1.55610599371441,1.4124919262686,1911.51535084001,1663.01835523081,15309578.8445351,8009.13204165863,4503.08675026355,1.13174577021227,"FishLife",0.00790391304347826,"FB species-average",3.03330869565217,"FB species-average",10.9731543498013,"FishLife",0.51962716489229,"FishLife",11.97,14.21,20.9,24.62,13.88,30.04,38.66,39.25
"Finfish","Miscellaneous coastal fishes","Mugiliformes","Mugilidae","Chelon","Chelon auratus","Golden grey mullet",TRUE,FALSE,NA,NA,"Misc marine fish","Misc marine fish",1.6,8,3,11,15,400,57.064012593227,NA,10271522.2667809,48026932.140756,NA,NA,0.52,27.8256735058824,262.862692585701,2.88296579860522,936.535563934287,814.785940622829,9672622.00757572,10328.0883076581,NA,0.535,"FB-species",0.013272,"FB species-average",2.9747,"FB species-average",53.5109105882353,"FB species-average",0.254588235294118,"FB species-average",7.25,12.18,21.45,26.81,5.21,30.96,38.35,39.25
"Finfish","Miscellaneous coastal fishes","Mugiliformes","Mugilidae","Chelon","Chelon saliens","Leaping mullet",TRUE,FALSE,NA,NA,"Misc marine fish","Misc marine fish",1.6,8,3,11,15,400,203.360031505637,NA,36604805.6710147,99140514.3836155,NA,NA,0.52,19.8335928,73.7608068259185,2.9304666081212,921.354978936629,801.578831674867,9515835.58515799,10328.0883076581,NA,0.34,"FB-species",0.009525,"FB species-average",2.9975,"FB species-average",38.1415246153846,"FB species-average",0.250461538461538,"FB species-average",13.74,16.03,22.97,26.4,15.57,19.79,39.05,39.55
"Finfish","Miscellaneous coastal fishes","Perciformes","Sparidae","Diplodus","Diplodus puntazzo","Sharpsnout seabream",TRUE,TRUE,52,285.66,"Misc marine fish","Misc marine fish",1.6,8,3,11,15,400,388.392509659813,NA,69910651.7387663,414369216.818187,NA,NA,0.52,14.2134179242608,38.6207242079367,2.65575769014962,1016.65901599927,884.493343919364,10500144.0960173,10328.0883076581,7031.60459168302,0.670068428315681,"FishLife",0.0179571428571429,"FB species-average",2.89111428571429,"FB species-average",27.3334960081938,"FishLife",0.276369029374382,"FishLife",16.03,18.82,23.03,27.83,28.35,34.83,38.82,39.32
"Finfish","Miscellaneous coastal fishes","Perciformes","Sparidae","Diplodus","Diplodus sargus","White seabream",TRUE,TRUE,87,10.3908,"Misc marine fish","Misc marine fish",1.6,8,3,11,15,400,49.0701685968641,NA,8832630.34743553,9425367665.05124,NA,NA,0.52,25.142,305.684704758862,5.24263696485857,515.008004196765,448.056963651186,5319048.14649496,10328.0883076581,6384.04490540842,1.33,"FB-species",0.0179566666666667,"FB species-average",3.02131428571429,"FB species-average",48.35,"FB species-average",0.14,"FB species-average",13.76,16.82,22.66,27.21,16.33,34.71,38.71,39.25
"Finfish","Miscellaneous coastal fishes","Perciformes","Sparidae","Diplodus","Diplodus vulgaris","Common two-banded seabream",TRUE,FALSE,NA,NA,"Misc marine fish","Misc marine fish",1.6,8,3,11,15,400,150.448682626978,NA,27080762.8728561,158330283.749341,NA,NA,0.52,17.5355346290944,99.7017703185273,3.15749629320877,855.1078922269,743.943866237403,8831629.82349484,10328.0883076581,NA,0.559259448608379,"FishLife",0.0139506896551724,"FB species-average",3.09835862068965,"FB species-average",33.7221819790277,"FishLife",0.232452901578647,"FishLife",14.45,17.45,22.28,27.21,17.66,35.03,38.71,39.25
"Finfish","Miscellaneous coastal fishes","Perciformes","Sparidae","Pagrus","Pagrus pagrus","Red porgy",TRUE,TRUE,36,1389.54,"Misc marine fish","Misc marine fish",1.6,8,3,11,15,400,35.0319443479505,NA,6305749.98263109,25731017.7988797,NA,NA,0.52,29.3090180685277,428.180629970587,4.51508562097383,597.995304332158,520.255914768978,6176148.31070743,10328.0883076581,7332.74623537796,0.311452625188997,"FishLife",0.0182209090909091,"FB species-average",2.97958636363636,"FB species-average",56.3634962856301,"FishLife",0.162559303786114,"FishLife",12.98,20,27.69,31.89,27.12,31.62,38,39.66
"Finfish","Miscellaneous coastal fishes","Perciformes","Lethrinidae","Lethrinus","Lethrinus miniatus","Trumpet emperor",TRUE,TRUE,74,45,"Misc marine fish","Misc marine fish",1.6,8,3,11,15,400,22.8139795190793,NA,4106516.31343427,14485785.2988734,NA,NA,0.52,29.8919876348986,657.491604542537,2.96927244846749,909.313660790384,791.102884887634,9391471.78800298,10328.0883076581,10412.8666666667,0.424546015725451,"FishLife",0.017445,"FB species-average",3.101355,"FB species-average",57.4845916055742,"FishLife",0.247188221296102,"FishLife",20.2,23.36,28.51,32.71,30.88,33.86,35.45,36.68
"Finfish","Miscellaneous pelagic fishes","Perciformes","Carangidae","Caranx","Caranx ignobilis","Giant trevally",FALSE,TRUE,90,7.0164,"Misc marine fish","Misc marine fish",1.6,8,3,11,15,400,6.25925198740011,NA,1126665.35773202,7539927.50479893,NA,NA,0.52,56.6685606083069,2396.45248828375,4.41075992925079,612.139414365865,532.561290498302,4902705.3975598,8009.13204165863,5957.6016433553,0.430980225327874,"FishLife",0.0160614285714286,"FB species-average",2.95081285714286,"FB species-average",108.978001169821,"FishLife",0.166404244813404,"FishLife",17.92,24.68,28.96,33.16,17.92,33.13,35.41,38.86
"Finfish","Miscellaneous pelagic fishes","Perciformes","Carangidae","Caranx","Caranx sexfasciatus","Bigeye trevally",TRUE,TRUE,99,1.10333333333333,"Misc marine fish","Misc marine fish",1.6,8,3,11,15,400,27.9975017010951,NA,5039550.30619712,38604986.5987972,NA,NA,0.52,34.1629760546269,535.762089065729,2.71511662044467,994.432423148662,865.156208139336,7964540.58350418,8009.13204165863,6765.5,0.749899501977636,"FishLife",0.0151333333333333,"FB species-average",2.96633333333333,"FB species-average",65.6980308742825,"FishLife",0.270326942700529,"FishLife",17.52,24.68,28.85,33.05,21.09,32.74,35.26,38.83
"Finfish","Miscellaneous pelagic fishes","Perciformes","Carangidae","Trachinotus","Trachinotus blochii","Snubnose pompano",TRUE,TRUE,11,114153.5394,"Misc marine fish","Misc marine fish",1.6,8,3,11,15,400,46.2284920897135,NA,8321128.57614842,39876572.5911178,NA,NA,0.52,24.3635961281864,324.475216948245,1.68692167562592,1600.54852516978,1392.47721689771,12819004.4771667,8009.13204165863,7190.37986971228,0.92890566834527,"FishLife",0.088,"FB species-average",2.572,"FB species-average",46.8530694772816,"FishLife",0.435093807664701,"FishLife",20,26,28.96,31,27.5,33.2,35,39.65
"Finfish","Miscellaneous demersal fishes","Perciformes","Anarhichadidae","Anarhichas","Anarhichas lupus","Atlantic wolffish",TRUE,FALSE,NA,NA,"Misc marine fish","Misc marine fish",1.6,8,3,11,15,400,5.30115369319182,NA,954207.664774527,2957084.58360039,NA,NA,0.52,65.6301713671739,2829.57274362074,8.78407576096597,307.374398112328,267.415726357725,2338360.22527368,7607.5308797161,NA,0.128764576835816,"FishLife",0.005775,"FB species-average",3.13145,"FB species-average",126.211868013796,"FishLife",0.0835567901567697,"FishLife",-1.57,2.01,10.9,20.03,5.21,29.52,35.03,37.97
"Finfish","Miscellaneous pelagic fishes","Perciformes","Rachycentridae","Rachycentron","Rachycentron canadum","Cobia",TRUE,TRUE,17,42730.071646,"Misc marine fish","Misc marine fish",1.6,8,3,11,15,400,10.2256918988063,NA,1840624.54178514,5167263.66365418,NA,NA,0.52,57.7379422477338,1466.89340422539,2.51041156321953,1075.52085863456,935.703147012067,8613988.57036226,8009.13204165863,2755.1215985579,0.411182912235175,"FishLife",0.00452,"FB species-average",3.1288,"FB species-average",111.034504322565,"FishLife",0.29237005829391,"FishLife",9.08,21.75,28.78,29.42,28.69,32.66,35.9,39.5
"Finfish","Miscellaneous demersal fishes","Perciformes","Anarhichadidae","Anarhichas","Anarhichas minor","Spotted wolffish",TRUE,FALSE,NA,NA,"Misc marine fish","Misc marine fish",1.6,8,3,11,5,400,1.41863995858044,NA,255355.192544478,663951.349463837,NA,NA,0.52,77.8430777499086,3524.50244317329,7.18687796259462,125.228229098116,108.948559315361,952677.619876079,7607.5308797161,NA,0.132958065378332,"FishLife",0.00484,"FB genus-average",3.09972,"FB genus-average",149.698226442132,"FishLife",0.102126288897665,"FishLife",-0.57,0.22,9.34,15.57,5.21,30.54,33.81,35.3
"Finfish","Miscellaneous pelagic fishes","Perciformes","Carangidae","Carangoides","Carangoides malabaricus","Malabar trevally",TRUE,TRUE,50,387,"Misc marine fish","Misc marine fish",1.6,8,3,11,15,400,152.374430540233,NA,27427397.4972419,134595805.852891,NA,NA,0.52,17.5487305077029,98.4417132639547,1.03068242367191,2619.62359887829,2279.07253102411,20980911.3028612,8009.13204165863,10069.2506459948,1.54337921907957,"FishLife",0.0212025,"FB species-average",2.947,"FB species-average",33.7475586686594,"FishLife",0.712119619218267,"FishLife",18.21,25.18,28.85,33.05,21.09,31.44,35.37,38.86
"Finfish","Miscellaneous coastal fishes","Perciformes","Siganidae","Siganus","Siganus canaliculatus","White-spotted spinefoot",TRUE,TRUE,100,0.9932,"Misc marine fish","Misc marine fish",1.6,8,3,11,15,400,465.441017234528,NA,83779383.1022151,160551093.530576,NA,NA,0.52,12.7449100925715,32.227499177284,0.548053033590275,4926.53052627481,4286.08155785908,50881642.3257397,10328.0883076581,8549.87511854533,1.18679259052449,"FishLife",0.0190666666666667,"FB species-average",2.92033333333333,"FB species-average",24.5094424857144,"FishLife",1.33923020236198,"FishLife",21.42,24.65,28.81,33.01,26.36,32.65,35.97,39.93
"Finfish","Miscellaneous coastal fishes","Perciformes","Serranidae","Epinephelus","Epinephelus fuscoguttatus","Brown-marbled grouper",TRUE,TRUE,71,54.48386,"Misc marine fish","Misc marine fish",1.6,8,3,11,15,400,8.64188959971967,NA,1555540.12794954,4918255.14353136,NA,NA,0.52,46.8631854623842,1735.73150025969,4.1005268694132,658.451971169837,572.853214917758,6800550.10459364,10328.0883076581,11758.576234353,0.280727580663427,"FishLife",0.0139375,"FB species-average",3.0495575,"FB species-average",90.121510504585,"FishLife",0.17899387041091,"FishLife",22.16,25.42,29.27,33.47,21.09,31.93,35.37,38.86
"Finfish","Miscellaneous coastal fishes","Perciformes","Serranidae","Epinephelus","Epinephelus tauvina","Greasy grouper",TRUE,FALSE,NA,NA,"Misc marine fish","Misc marine fish",1.6,8,3,11,15,400,4.63963173391389,NA,835133.7121045,2632676.66518633,NA,NA,0.52,54.2373769585206,3233.01521764236,5.33708834332425,505.893818185944,440.127621821771,5224916.02852278,10328.0883076581,NA,0.215129379708974,"FishLife",0.0175033333333333,"FB species-average",3.03666666666667,"FB species-average",104.302647997155,"FishLife",0.137522395708189,"FishLife",21.35,24.59,28.94,33.14,28.69,33.79,36.48,39.93
"Finfish","Miscellaneous pelagic fishes","Perciformes","Carangidae","Gnathanodon","Gnathanodon speciosus","Golden trevally",TRUE,TRUE,78,21.5516,"Misc marine fish","Misc marine fish",1.6,8,3,11,15,400,19.2998397468254,NA,3473971.15442857,15308793.0068823,NA,NA,0.52,39.1839495840018,777.20852591366,2.06344702092907,1308.49010060085,1138.38638752274,10479869.9909154,8009.13204165863,5829.61934062524,0.718762822643829,"FishLife",0.0156533333333333,"FB species-average",2.94765333333333,"FB species-average",75.3537492000035,"FishLife",0.355700518421708,"FishLife",15.47,24.46,29.13,33.33,21.09,31.32,35.44,39.93
"Finfish","Miscellaneous coastal fishes","Perciformes","Sparidae","Sparidentex","Sparidentex hasta","Sobaity seabream",TRUE,TRUE,65,103.0198,"Misc marine fish","Misc marine fish",1.6,8,3,11,15,400,14.7760131712888,NA,2659682.37083199,8634320.96383649,NA,NA,0.52,42.6894053926219,1015.15881355239,2.76928828976456,974.979748399378,848.232381107459,10069676.9396471,10328.0883076581,9365.76762842199,0.425213354998197,"FishLife",0.013,"FB species-average",3.001,"FB species-average",82.0950103704268,"FishLife",0.26503891913059,"FishLife",25.7,26.38,27.8,32,31.38,35.77,39.56,40.06
"Finfish","Miscellaneous coastal fishes","Perciformes","Sparidae","Dentex","Dentex gibbosus","Pink dentex",FALSE,TRUE,67,83.25,"Misc marine fish","Misc marine fish",1.6,8,3,11,15,400,8.04014585697468,NA,1447226.25425544,6673756.27032721,NA,NA,0.52,48.8175521749657,1865.63779648198,5.10664254371713,528.723124222175,459.989118073293,5460699.11726753,10328.0883076581,12003.7393554126,0.299322705857702,"FishLife",0.015545,"FB species-average",3.008,"FB species-average",93.8799080287802,"FishLife",0.143728324196732,"FishLife",11.92,19.54,27.85,32.05,17.55,27.97,38.4,39.25
"Finfish","Miscellaneous coastal fishes","Perciformes","Sparidae","Pagrus","Pagrus caeruleostictus","Bluespotted seabream",FALSE,TRUE,63,122,"Misc marine fish","Misc marine fish",1.6,8,3,11,15,400,80.4129366186079,NA,14474328.5913494,66099800.8646388,NA,NA,0.52,22.0298548478806,186.53714975171,3.08605800024224,874.902545508887,761.165214592731,9036070.75061066,10328.0883076581,7126.93442622951,0.492145350388771,"FishLife",0.026245,"FB species-average",2.86797125,"FB species-average",42.3651054766935,"FishLife",0.23783388874175,"FishLife",13.54,19.81,27.85,32.05,17.55,27.64,38.4,39.25
"Finfish","Miscellaneous coastal fishes","Perciformes","Siganidae","Siganus","Siganus rivulatus","Marbled spinefoot",TRUE,TRUE,107,0.005,"Misc marine fish","Misc marine fish",1.6,8,3,11,15,400,430.397707817612,NA,77471587.4071702,214639734.393248,NA,NA,0.52,13.8987264784822,34.8514867238942,1.33424900400696,2023.61027955911,1760.54094321643,20900025.6675713,10328.0883076581,5750,0.763762768842312,"FishLife",0.0129125,"FB species-average",3.002,"FB species-average",26.7283201509274,"FishLife",0.550099099100673,"FishLife",19.45,24.3,29.22,33.42,29.95,35.02,39.5,40
"Finfish","Miscellaneous coastal fishes","Perciformes","Sciaenidae","Miichthys","Miichthys miiuy","Mi-iuy (brown) croaker",TRUE,TRUE,55,220.2,"Misc marine fish","Misc marine fish",1.6,8,3,11,15,400,17.1489736117428,NA,3086815.25011371,13041223.3447369,NA,NA,0.52,37.2105537987266,874.687916583456,2.23381938186864,1208.6921717643,1051.56218943494,12483479.4867568,10328.0883076581,12227.2552967683,0.645072507901653,"FishLife",0.0132230526315789,"FB family-average",3.06909361403509,"FB family-average",71.5587573052434,"FishLife",0.328571406013237,"FishLife",6.53,15.09,25.16,29.36,24.32,29.63,33.72,37.94
"Finfish","Miscellaneous coastal fishes","Mugiliformes","Mugilidae","Chelon","Chelon ramada","Thinlip grey mullet",TRUE,FALSE,NA,NA,"Misc marine fish","Misc marine fish",1.6,8,3,11,15,400,96.333171765957,NA,17339970.9178723,55223435.2068439,NA,NA,0.52,25.32492495,155.709603712029,2.85313576318834,946.327207711556,823.304670709053,9773750.96918448,10328.0883076581,NA,0.406,"FB-species",0.0104533333333333,"FB species-average",2.97322222222222,"FB species-average",48.70177875,"FB species-average",0.25725,"FB species-average",4.1,12.16,21.13,28.4,5.55,31.44,38.37,39.21
"Finfish","Miscellaneous coastal fishes","Perciformes","Siganidae","Siganus","Siganus guttatus","Goldlined spinefoot",TRUE,FALSE,NA,NA,"Misc marine fish","Misc marine fish",1.6,8,3,11,15,400,109.69413498456,NA,19744944.2972208,45907899.6703894,NA,NA,0.52,17.816734243856,136.743865131088,0.818644364567613,3298.13545033816,2869.3778417942,34063434.1817103,10328.0883076581,NA,1.03065478889083,"FishLife",0.03748,"FB species-average",2.8478,"FB species-average",34.2629504689538,"FishLife",0.896566576217579,"FishLife",21.42,25.41,29.12,33.32,30.21,31.78,35.02,36.26
"Finfish","Miscellaneous coastal fishes","Perciformes","Lateolabracidae","Lateolabrax","Lateolabrax japonicus","Japanese seabass",TRUE,TRUE,10,131500.1854,"Misc marine fish","Misc marine fish",1.6,8,3,11,15,400,4.60819057153627,NA,829474.302876528,2561290.85498918,NA,NA,0.52,48.3062634521209,3255.07371432326,3.9030376030957,691.768892479665,601.838936457309,7144650.21002084,10328.0883076581,2261.15428047691,0.288871037169685,"FishLife",0.02388,"FB species-average",3.049,"FB species-average",92.8966604848478,"FishLife",0.188050756799794,"FishLife",9.42,14.27,25.22,29.42,11.83,25.72,33.94,38.83
"Finfish","Miscellaneous coastal fishes","Perciformes","Siganidae","Siganus","Siganus javus","Streaked spinefoot",TRUE,FALSE,NA,NA,"Misc marine fish","Misc marine fish",1.6,8,3,11,15,400,207.05752509378,NA,37270354.5168804,88799479.7274833,NA,NA,0.52,15.7102119416624,72.44363610164,0.961047540844964,2809.43437785203,2444.20790873127,29016086.3490264,10328.0883076581,NA,0.903371091010202,"FishLife",0.0232652941176471,"FB genus-average",2.92036794117647,"FB genus-average",30.2119460416584,"FishLife",0.763717863982968,"FishLife",21.42,26.6,28.97,33.17,26.36,31.78,35.13,39.65
"Finfish","Miscellaneous coastal fishes","Perciformes","Sparidae","Dentex","Dentex tumifrons","Yellowback seabream",TRUE,FALSE,NA,NA,"Misc marine fish","Misc marine fish",1.6,8,3,11,15,400,46.909237405142,NA,8443662.73292557,43433545.0433587,NA,NA,0.52,24.323730777911,319.766443236951,3.46537287648962,779.136934532444,677.849133043226,8046995.06360913,10328.0883076581,NA,0.472623276232572,"FishLife",0.0317333333333333,"FB species-average",2.88833333333333,"FB species-average",46.7764053421366,"FishLife",0.211800923375294,"FishLife",12.09,17.5,26.47,30.67,11.83,32.85,34.22,35.07
"Finfish","Miscellaneous coastal fishes","Mugiliformes","Mugilidae","Planiliza","Planiliza macrolepis","Largescale mullet",TRUE,FALSE,NA,NA,"Misc marine fish","Misc marine fish",1.6,8,3,11,15,400,485.623424493472,NA,87412216.4088249,5328699169.87242,NA,NA,0.52,11.96,30.8881310979711,7.339691750802,367.862860140546,320.040688322275,3799320.10463925,10328.0883076581,NA,0.56,"FB-species",0.027925,"FB species-average",2.824265,"FB species-average",23,"Gentry et al. 2017",0.1,"Gentry et al. 2017",18.32,23.63,28.91,33.11,14.99,31.13,35.38,38.72
"Finfish","Miscellaneous coastal fishes","Perciformes","Serranidae","Plectropomus","Plectropomus maculatus","Spotted coralgrouper",TRUE,TRUE,83,15.7616,"Misc marine fish","Misc marine fish",1.6,8,3,11,15,400,22.1791402699482,NA,3992245.24859068,13326969.1535177,NA,NA,0.52,35.129663061659,676.311156222965,3.50125300074526,771.152498669846,670.902673842766,7964531.10493338,10328.0883076581,31888.4638415351,0.344287015583523,"FishLife",0.0156,"FB species-average",3,"FB species-average",67.5570443493442,"FishLife",0.20963043085546,"FishLife",24.6,25.46,28.77,32.97,33.44,34.15,35.2,36
"Finfish","Miscellaneous coastal fishes","Perciformes","Sparidae","Pagrus","Pagrus auriga","Redbanded seabream",FALSE,TRUE,69,66,"Misc marine fish","Misc marine fish",1.6,8,3,11,15,400,31.246642908393,NA,5624395.72351073,22548366.1643157,NA,NA,0.52,29.3177725753898,480.051570467141,4.33064377842238,623.463886236238,542.413581025527,6439190.07368359,10328.0883076581,7675.16666666667,0.320633412737224,"FishLife",0.01905,"FB species-average",3,"FB species-average",56.3803318757496,"FishLife",0.169482694175225,"FishLife",12.67,19.5,27.86,32.06,17.55,25.93,37.21,39.21
"Finfish","Miscellaneous coastal fishes","Perciformes","Serranidae","Epinephelus","Epinephelus akaara","Hong Kong (redspotted) grouper",TRUE,FALSE,NA,NA,"Misc marine fish","Misc marine fish",1.6,8,3,11,15,400,15.6898563730465,NA,2824174.14714836,9229782.91836189,NA,NA,0.52,36.7129567490241,956.031696107075,3.85564525238468,700.271893097549,609.236546994868,7232469.95128242,10328.0883076581,NA,0.30713913418291,"FishLife",0.0183791071428571,"FB genus-average",3.01386089285714,"FB genus-average",70.6018399019694,"FishLife",0.190362216188392,"FishLife",11.89,18.63,25.22,29.42,28.14,31.74,34.03,34.76
"Finfish","Miscellaneous coastal fishes","Perciformes","Serranidae","Epinephelus","Epinephelus areolatus","Areolate grouper",TRUE,TRUE,81,17.6,"Misc marine fish","Misc marine fish",1.6,8,3,11,15,400,59.7638962548917,NA,10757501.3258805,35204789.2482523,NA,NA,0.52,22.2721809274594,250.987652077189,2.79007778649507,967.714955141724,841.9120109733,9994645.51334515,10328.0883076581,18883.8797584819,0.424926798920885,"FishLife",0.034968,"FB species-average",2.861024,"FB species-average",42.8311171681911,"FishLife",0.263064054569683,"FishLife",20.65,25.17,29.12,33.32,26,32.35,36.26,39.93
"Finfish","Miscellaneous coastal fishes","Perciformes","Sparidae","Rhabdosargus","Rhabdosargus sarba","Goldlined seabream",TRUE,TRUE,89,8.8,"Misc marine fish","Misc marine fish",1.6,8,3,11,15,400,668.597834047774,NA,120347610.128599,410211916.024227,NA,NA,0.52,12.7887624613213,22.4350113568094,1.25172170162033,2157.02899175183,1876.6152228241,22277985.9089917,10328.0883076581,9829.41739130435,0.979682294057173,"FishLife",0.0136233333333333,"FB species-average",2.90618,"FB species-average",24.5937739640794,"FishLife",0.586367699888952,"FishLife",15.38,20.6,28.52,32.72,26.36,33.72,36.9,39.65
"Finfish","Miscellaneous coastal fishes","Perciformes","Serranidae","Epinephelus","Epinephelus tukula","Potato grouper",FALSE,TRUE,106,0.067,"Misc marine fish","Misc marine fish",1.6,8,3,11,15,400,13.9587916627001,NA,2512582.49928601,8211459.2884795,NA,NA,0.52,36.7129567490241,1074.59158088033,3.85564525238468,700.271893097549,609.236546994868,7232469.95128242,10328.0883076581,18104.4776119403,0.30713913418291,"FishLife",0.106,"FB species-average",2.56,"FB species-average",70.6018399019694,"FishLife",0.190362216188392,"FishLife",21.47,24.16,29.04,33.24,28.14,33.7,36.8,38.86
"Finfish","Miscellaneous coastal fishes","Perciformes","Sparidae","Acanthopagrus","Acanthopagrus berda","Goldsilk seabream",TRUE,FALSE,NA,NA,"Misc marine fish","Misc marine fish",1.6,8,3,11,15,400,98.9041922040139,NA,17802754.5967225,52148219.3329812,NA,NA,0.52,19.691346946038,151.661923177724,2.70868054577482,996.795286255382,867.211899042183,10294989.741103,10328.0883076581,NA,0.396775042184022,"FishLife",0.0151,"FB species-average",3.092,"FB species-average",37.8679748962269,"FishLife",0.270969264435813,"FishLife",15.19,21.15,28.53,32.73,26.3,34,35.65,39.5
"Finfish","Miscellaneous coastal fishes","Perciformes","Scaridae","Bolbometopon","Bolbometopon muricatum","Green humphead parrotfish",TRUE,TRUE,103,0.5375,"Misc marine fish","Misc marine fish",1.6,8,3,11,15,400,7.09447040630918,NA,1277004.67313565,2193317.19706488,NA,NA,0.52,46.6016499611217,2114.32272473226,4.39474999338468,614.369418980431,534.501394512975,6345261.61275451,10328.0883076581,20546.1666666667,0.123078187379749,"FishLife",0.017375873015873,"FB family-average",3.04796253968254,"FB family-average",89.6185576175418,"FishLife",0.167010450238359,"FishLife",22.16,25.64,29.34,33.54,28.24,32.51,35.28,38.83
"Finfish","Miscellaneous coastal fishes","Mugiliformes","Mugilidae","Ellochelon","Ellochelon vaigiensis","Squaretail mullet",FALSE,TRUE,75,38,"Misc marine fish","Misc marine fish",1.6,8,3,11,15,400,107.600691476068,NA,19368124.4656922,71960646.1682637,NA,NA,0.52,21.3230993415895,139.404308599041,2.41129092990223,1119.73215944933,974.166978720916,11564692.6237174,10328.0883076581,2330.84197994987,0.544310404995582,"FishLife",0.008195,"FB species-average",3.18375,"FB species-average",41.0059602722874,"FishLife",0.304388477548813,"FishLife",22.16,25.4,29.22,33.42,20.55,31.71,35.53,38.65
"Finfish","Miscellaneous coastal fishes","Perciformes","Ephippidae","Platax","Platax orbicularis","Orbicular batfish",TRUE,TRUE,79,18.36,"Misc marine fish","Misc marine fish",1.6,8,3,11,15,400,38.1908609828699,NA,6874354.97691658,22326753.0072487,NA,NA,0.52,21.5289483925658,392.764122461866,2.10864524053563,1280.44298210834,1113.98539443425,13224528.192136,10328.0883076581,15742.3642336205,0.558646758394556,"FishLife",0.0425,"FB species-average",2.975,"FB species-average",41.4018238318573,"FishLife",0.348076177524181,"FishLife",19.3,25.22,28.97,33.17,28.81,33.06,36.34,39.49
"Finfish","Miscellaneous coastal fishes","Perciformes","Sparidae","Acanthopagrus","Acanthopagrus latus","Yellowfin seabream",TRUE,FALSE,NA,NA,"Misc marine fish","Misc marine fish",1.6,8,3,11,15,400,53.7257310844226,NA,9670631.59519606,28453174.5804209,NA,NA,0.52,24.2986228019575,279.195828464941,3.53704754610349,763.348517317612,664.113210066323,7883930.8963762,10328.0883076581,NA,0.305103650031841,"FishLife",0.0234666666666667,"FB species-average",2.94133333333333,"FB species-average",46.7281207729951,"FishLife",0.20750899316826,"FishLife",17.5,23.57,26.42,30.62,32.45,33.52,34.52,35.02
"Finfish","Miscellaneous coastal fishes","Perciformes","Polynemidae","Polydactylus","Polydactylus sexfilis","Sixfinger threadfin",TRUE,TRUE,94,3.4525,"Misc marine fish","Misc marine fish",1.6,8,3,11,15,400,130.270814932,NA,23448746.68776,72194554.0337316,NA,NA,0.52,19.2071791836919,115.144746794052,1.34021574213749,2014.60101915667,1752.70288666631,20806977.2305482,10328.0883076581,6650,0.839079508983859,"FishLife",0.01625,"FB species-average",3,"FB species-average",36.9368830455614,"FishLife",0.547650017831909,"FishLife",-1.37,11.22,28.91,29.41,29.79,33.72,35.56,36.38
"Finfish","Miscellaneous coastal fishes","Perciformes","Sparidae","Pagrus","Pagrus auratus","Silver seabream",TRUE,TRUE,14,62366.6,"Misc marine fish","Misc marine fish",1.6,8,3,11,15,400,19.2311952574249,NA,3461615.14633648,11344007.7881834,NA,NA,0.52,37.9201241879487,779.982720741642,6.32110949094601,427.140204400402,371.61197782835,4411541.7507985,10328.0883076581,6756.54164034236,0.187776271331268,"FishLife",0.03036,"FB species-average",2.793,"FB species-average",72.9233157460552,"FishLife",0.116113979061982,"FishLife",7.92,15.25,25.04,29.24,33.56,34.92,35.92,36.42
"Finfish","Miscellaneous coastal fishes","Perciformes","Serranidae","Epinephelus","Epinephelus malabaricus","Malabar grouper",TRUE,TRUE,64,117.1968,"Misc marine fish","Misc marine fish",1.6,8,3,11,15,400,2.57111952362646,NA,462801.514252764,1392663.39759972,NA,NA,0.52,64.8099945993942,5834.03449826521,3.28302960771851,822.41110273639,715.497659380659,8493934.49425993,10328.0883076581,14113.1718661747,0.335566586502993,"FishLife",0.0174233333333333,"FB species-average",3.04963,"FB species-average",124.634604998835,"FishLife",0.223564592093417,"FishLife",21.47,24.42,29.13,33.33,22.8,31.93,35.42,38.83
"Finfish","Miscellaneous coastal fishes","Perciformes","Serranidae","Cromileptes","Cromileptes altivelis","Humpback grouper",TRUE,TRUE,98,1.244,"Misc marine fish","Misc marine fish",1.6,8,3,11,15,400,38.8042021325103,NA,6984756.38385186,18216861.7772975,NA,NA,0.52,27.2420744799969,386.556073199942,3.11896497277338,865.671792908647,753.134459830523,8940734.72260925,10328.0883076581,63273.7308991913,0.307351166096457,"FishLife",0.0180663323782235,"FB family-average",3.0171553008596,"FB family-average",52.3886047692249,"FishLife",0.23532459693754,"FishLife",21.45,25.18,29.21,33.41,22.8,31.82,35.24,37.35
"Finfish","Miscellaneous coastal fishes","Perciformes","Serranidae","Epinephelus","Epinephelus coioides","Orange-spotted grouper",TRUE,TRUE,46,489.3656,"Misc marine fish","Misc marine fish",1.6,8,3,11,15,400,7.42635633730917,NA,1336744.14071565,4021960.90997207,NA,NA,0.52,48.1121618906081,2019.83305388158,4.79727453845241,562.819571479229,489.653027186929,5812850.23551578,10328.0883076581,10766.0712264901,0.229616348160996,"FishLife",0.01298,"FB species-average",3.086358,"FB species-average",92.5233882511695,"FishLife",0.152997117258371,"FishLife",18.4,24.17,29.11,33.31,21.09,31.13,35.45,38.83
"Finfish","Miscellaneous coastal fishes","Perciformes","Serranidae","Epinephelus","Epinephelus lanceolatus","Giant grouper",TRUE,TRUE,84,14.9218,"Misc marine fish","Misc marine fish",1.6,8,3,11,15,400,17.5221368518486,NA,3153984.63333276,10307648.1749202,NA,NA,0.52,36.7129567490241,856.059972983115,3.85564525238468,700.271893097549,609.236546994868,7232469.95128242,10328.0883076581,18582.7367169101,0.30713913418291,"FishLife",0.0173,"FB species-average",3,"FB species-average",70.6018399019694,"FishLife",0.190362216188392,"FishLife",16,23.34,29.12,33.32,28.14,32.09,35.61,39
"Finfish","Miscellaneous coastal fishes","Perciformes","Sparidae","Acanthopagrus","Acanthopagrus schlegelii","Blackhead seabream",TRUE,TRUE,34,1441.956,"Misc marine fish","Misc marine fish",1.6,8,3,11,15,400,73.7892298520506,NA,13282061.3733691,38194697.2898624,NA,NA,0.52,21.5859225262236,203.281698834307,3.33817557115531,808.825043035575,703.67778744095,8353616.4699168,10328.0883076581,10344.8615260204,0.316425039114782,"FishLife",0.01728,"FB species-average",3.051,"FB species-average",41.511389473507,"FishLife",0.219871351711492,"FishLife",11.95,13.45,26.49,27,32.4,33.5,34.43,34.5
"Finfish","Miscellaneous coastal fishes","Perciformes","Oplegnathidae","Oplegnathus","Oplegnathus fasciatus","Striped beakfish",FALSE,TRUE,42,714,"Misc marine fish","Misc marine fish",1.6,8,3,11,15,400,80.1803944930478,NA,14432471.0087486,46757269.2307455,NA,NA,0.52,20.0673807871516,187.078151645919,2.08493227066948,1295.00609587333,1126.6553034098,13374937.3171354,10328.0883076581,18087.0896358543,0.563802072876551,"FishLife",0.02315,"FB species-average",3,"FB species-average",38.5911168983685,"FishLife",0.352035020708141,"FishLife",11.62,16.62,24.51,29.7,30.98,32.96,34.76,35.42
"Finfish","Miscellaneous demersal fishes","Scorpaeniformes","Sebastidae","Sebastes","Sebastes schlegelii","Korean rockfish",TRUE,TRUE,20,21501,"Misc marine fish","Misc marine fish",1.6,8,3,11,15,400,108.088530694181,NA,19455935.5249527,34578564.7693629,NA,NA,0.52,19.7646191476794,138.775130938175,5.71834268129581,472.164777537985,410.783356458047,3592008.1254345,7607.5308797161,7607.5308797161,0.100567911877926,"FishLife",0.0161571428571429,"FB species-average",3.03571428571429,"FB species-average",38.0088829763065,"FishLife",0.128353478619067,"FishLife",2.9,11.96,21.42,23.54,32.83,33.33,34.33,34.83
"Finfish","Miscellaneous coastal fishes","Perciformes","Serranidae","Hyporthodus","Hyporthodus septemfasciatus","Convict grouper",FALSE,TRUE,59,183.4,"Misc marine fish","Misc marine fish",1.6,8,3,11,15,400,8.18301972258934,NA,1472943.55006608,5225215.41958316,NA,NA,0.52,51.8878391050106,1833.06413873014,5.77884065527345,467.221742398474,406.482915886673,4825507.41474934,10328.0883076581,25551.0330847466,0.219115439847418,"FishLife",0.00332,"FB species-average",3.348,"FB species-average",99.7843059711743,"FishLife",0.12700976179546,"FishLife",13.27,17.67,23.04,24.6,30.98,32.96,34.22,34.96
"Finfish","Miscellaneous coastal fishes","Perciformes","Sciaenidae","Micropogonias","Micropogonias furnieri","Whitemouth croaker",FALSE,TRUE,92,4.377,"Misc marine fish","Misc marine fish",1.6,8,3,11,15,400,42.2440994097089,NA,7603937.8937476,52983937.6582337,NA,NA,0.52,32.1913546915208,355.079175780762,4.16005302990539,649.030187978494,564.65626354129,6703241.09577784,10328.0883076581,623.087028140014,0.466658125171773,"FishLife",0.0103946153846154,"FB species-average",3.00683076923077,"FB species-average",61.9064513298477,"FishLife",0.176432648767675,"FishLife",14.22,17.64,28.23,32.43,6.21,27.03,36.77,37.27
"Finfish","Miscellaneous coastal fishes","Tetraodontiformes","Tetraodontidae","Takifugu","Takifugu rubripes","Tiger pufferfish",TRUE,TRUE,19,24425.6,"Misc marine fish","Misc marine fish",1.6,8,3,11,15,400,30.9689553170771,NA,5574411.95707387,22443789.0729104,NA,NA,0.52,29.5035658700586,484.356021907159,1.87123923294738,1442.89407386315,1255.31784426094,14902337.4134552,10328.0883076581,5123.1445204289,0.744334055294394,"FishLife",0.02916,"FB genus-average",2.87125,"FB genus-average",56.7376266731896,"FishLife",0.392236953007943,"FishLife",10.37,14.5,24.59,28.05,30.7,32.27,34.52,35.5
"Finfish","Miscellaneous coastal fishes","Perciformes","Latidae","Psammoperca","Psammoperca waigiensis","Waigieu seaperch",FALSE,TRUE,38,908,"Misc marine fish","Misc marine fish",1.6,8,3,11,15,400,36.7166286496941,NA,6608993.15694494,25345884.7945233,NA,NA,0.52,30.9555300198804,408.534240523877,2.47952423468528,1088.9185764876,947.35916154421,11246447.2178133,10328.0883076581,3114.12224669604,0.542114104577412,"FishLife",0.0140042424242424,"FB family-average",2.99513939393939,"FB family-average",59.5298654228469,"FishLife",0.296012099745966,"FishLife",17.99,24.16,28.85,33.05,30.21,33.2,35.36,36.67
"Finfish","Flounders, halibuts, soles","Pleuronectiformes","Soleidae","Solea","Solea senegalensis","Senegalese sole",TRUE,TRUE,37,1193.087,"Misc marine fish","Misc marine fish",1.6,8,3,11,15,400,75.576191306771,NA,13603714.4352188,28587651.4128167,NA,NA,0.52,27.0518222315076,198.475204169969,3.6116214833164,747.586648399462,650.400384107532,8375135.8042812,11202.8964431238,11823.3360439392,0.205622871484895,"FishLife",0.00774333333333333,"FB species-average",3.07833333333333,"FB species-average",52.0227350605915,"FishLife",0.20322427986175,"FishLife",12.78,15.84,26.05,30.25,29.54,34.63,36.59,38
"Finfish","Miscellaneous coastal fishes","Perciformes","Sciaenidae","Argyrosomus","Argyrosomus japonicus","Japanese meagre",TRUE,TRUE,62,160.5,"Misc marine fish","Misc marine fish",1.6,8,3,11,5,400,1.04082899361284,NA,187349.21885031,541396.249509258,NA,NA,0.52,76.7633057969008,4803.86310400946,7.18070173315334,125.335939779353,109.042267608037,1294480.65416447,10328.0883076581,4762.41778089061,0.147781809276338,"FishLife",0.0301,"FB species-average",2.76,"FB species-average",147.621741917117,"FishLife",0.102214129253059,"FishLife",9.45,15.85,25.84,30.04,28.14,32.96,35.7,37.68
"Finfish","Miscellaneous coastal fishes","Mugiliformes","Mugilidae","Planiliza","Planiliza haematocheila","So-iuy mullet",FALSE,TRUE,39,901.7,"Misc marine fish","Misc marine fish",1.6,8,3,11,15,400,21.452744079832,NA,3861493.93436975,50146386.6512326,NA,NA,0.52,42.952,699.211249814038,3.99983201678583,675.028348357903,587.274663071375,6971752.39201303,10328.0883076581,2600,0.641,"FB-genus",0.009066,"FB species-average",2.9928,"FB species-average",82.6,"FB species-average",0.1835,"FB species-average",7.75,10.01,25.58,29.78,24.32,30.98,33.86,34.76
"Finfish","Tunas, bonitos, billfishes","Perciformes","Scombridae","Thunnus","Thunnus orientalis","Pacific bluefin tuna",TRUE,TRUE,21,21218.605562,"Tuna","Tuna",6,8,6,14,5,400,0.31962982211543,NA,57533.3679807774,201484.340517348,NA,NA,0.52,95.1776718194078,15643.096025609,4.12799285111517,218.023633388044,189.680561047598,3107723.79551913,14254.0684568261,19605.7273684809,0.303621303820316,"FishLife",0.0310116666666667,"FB genus-average",2.88233333333333,"FB genus-average",183.033984268092,"FishLife",0.177802918162012,"FishLife",4.1,15.97,28.48,32.68,28.88,33.38,35.65,37.16
"Bivalves","Mussels","Mytiloida","Mytilidae","Aulacomya","Aulacomya ater","Cholga mussel",TRUE,TRUE,27,1705.1814,"Non-fed","Non-fed mariculture species",0,0,0,0,NA,400,NA,94.7642738687515,371495285.452404,19151793395.8381,3920203.9997365,1858.79753425154,0.67,4.221,4.03773630174959,3.16760749863318,473.543518459042,80.5023981380372,1287297.27295976,2718.43499653158,3257.82808378992,1.24466666666667,"FB-family",0.0798614705882353,"FB family-average",2.72427058823529,"FB family-average",6.3,"Gentry et al. 2017",0.35,"Gentry et al. 2017",5.89,6.6,17.92,26.27,27.6,33.26,35.07,36.04
"Bivalves","Mussels","Mytiloida","Mytilidae","Choromytilus","Choromytilus chorus","Choro mussel",TRUE,TRUE,31,1092.396,"Non-fed","Non-fed mariculture species",0,0,0,0,NA,400,NA,119.402985074627,697252099.432966,35945619436.0382,5839486.33275109,2768.84131472314,0.67,3.35,2.15130223518848,3.16760749863318,473.543518459042,80.5023981380372,1287297.27295976,2718.43499653158,2400,1.24466666666667,"FB-family",0.0798614705882353,"FB family-average",2.72427058823529,"FB family-average",5,"Gentry et al. 2017",0.35,"Gentry et al. 2017",0.26,6.81,18.51,28.89,30.27,32.43,34.94,37.47
"Bivalves","Mussels","Mytiloida","Mytilidae","Mytilus","Mytilus chilensis","Chilean mussel",TRUE,TRUE,5,265626,"Non-fed","Non-fed mariculture species",0,0,0,0,NA,400,NA,58.5308750365818,48779422.7896774,770576847.08381,833396.438361638,395.161895856633,0.67,6.834,30.7506713736151,2.21732524904322,676.490740655775,115.003425911482,1838996.10422822,2718.43499653158,8458,1.24466666666667,"FB-family",0.09212,"FB genus-average",3.02333333333333,"FB genus-average",10.2,"Gentry et al. 2017",0.5,"Gentry et al. 2017",3.25,6.51,13.61,14.64,25.39,32.71,35.01,35.51
"Bivalves","Mussels","Mytiloida","Mytilidae","Mytilus","Mytilus coruscus","Korean mussel",TRUE,TRUE,13,54046.2,"Non-fed","Non-fed mariculture species",0,0,0,0,NA,400,NA,59.7014925373134,56492058.6055314,40341090761.1962,946241.981642651,448.668554595852,0.67,6.7,26.5524046569818,5.27934583105529,284.126111075425,48.3014388828223,772378.363775854,2718.43499653158,385.546153473685,1.24466666666667,"FB-family",0.12915,"FB species-average",2.8,"FB species-average",10,"Gentry et al. 2017",0.21,"Gentry et al. 2017",8.13,13.27,22.06,27.1,28.16,28.66,33.63,35.5
"Bivalves","Mussels","Mytiloida","Mytilidae","Mytilus","Mytilus edulis","Blue mussel",TRUE,TRUE,7,172050.798,"Non-fed","Non-fed mariculture species",0,0,0,0,NA,400,NA,67.944006438374,78617590.893328,5142593207.54607,1157093.83379732,548.645724892044,0.67,5.88720066666667,19.0796993771441,3.35890514397579,446.574087598233,75.9175948916995,1213982.62827119,2718.43499653158,1812.03809054687,1.24466666666667,"FB-family",0.073605,"FB species-average",3.135,"FB species-average",8.78686666666667,"FB species-average",0.330066666666667,"FB species-average",-1.66,5.65,15.81,28.86,3.76,10.63,35.23,39.21
"Bivalves","Mussels","Mytiloida","Mytilidae","Mytilus","Mytilus galloprovincialis","Mediterranean mussel",TRUE,TRUE,10,102064.32,"Non-fed","Non-fed mariculture species",0,0,0,0,NA,400,NA,85.8191076243125,155135634.170978,1674825566.06245,1807705.0492078,857.13847757601,0.67,4.66096666666667,9.66895844411106,1.91148728365795,784.729259160699,133.403974057319,2133235.48090474,2718.43499653158,976.028384478711,1.24466666666667,"FB-family",0.09212,"FB genus-average",3.02333333333333,"FB genus-average",6.95666666666667,"FB species-average",0.58,"FB species-average",9.64,12.66,20.2,24.73,13.88,17.66,38.39,39.25
"Bivalves","Mussels","Mytiloida","Mytilidae","Mytilus","Mytilus planulatus","Australian mussel",TRUE,TRUE,22,3417.5378,"Non-fed","Non-fed mariculture species",0,0,0,0,NA,400,NA,99.502487562189,242638974.957868,4872638007.5575,2438521.69832657,1156.24547099411,0.67,4.02,6.18202413796242,2.41013614026437,622.371481403313,105.803151838563,1691876.41588997,2718.43499653158,2417.10114540431,1.24466666666667,"FB-family",0.09212,"FB genus-average",3.02333333333333,"FB genus-average",6,"Gentry et al. 2017",0.46,"Gentry et al. 2017",4.64,9.15,19.81,24.66,32.82,34.36,35.55,37.13
"Bivalves","Mussels","Mytiloida","Mytilidae","Mytilus","Mytilus platensis","River Plata mussel",TRUE,TRUE,51,5.144,"Non-fed","Non-fed mariculture species",0,0,0,0,NA,400,NA,66.334991708126,71216067.6347172,471544533.700046,1073582.21959336,509.047994117289,0.67,6.03,21.0626625397772,1.51871592400221,987.676481357431,167.905001830763,2684934.31217321,2718.43499653158,3006.21685909854,1.24466666666667,"FB-family",0.09212,"FB genus-average",3.02333333333333,"FB genus-average",9,"Gentry et al. 2017",0.73,"Gentry et al. 2017",9.11,13.29,17.28,21.49,13.52,20.33,35.47,35.97
"Bivalves","Mussels","Mytiloida","Mytilidae","Perna","Perna canaliculus","New Zealand mussel",TRUE,TRUE,11,90312.6,"Non-fed","Non-fed mariculture species",0,0,0,0,NA,400,NA,34.6396823541128,11768797.8235263,117367589.374999,339749.011068198,161.094836921858,0.67,11.54745,127.455669006518,1.84777104086935,811.78888878693,138.004111093778,2206795.32507387,2718.43499653158,5424.63729490036,1.24466666666667,"FB-genus",0.13502,"FB species-average",2.8,"FB species-average",17.235,"FB species-average",0.6,"FB species-average",4.27,10.44,17.9,24,33.18,34.36,35.59,36.7
"Bivalves","Mussels","Mytiloida","Mytilidae","Perna","Perna perna","South American rock mussel",TRUE,TRUE,18,18114.93,"Non-fed","Non-fed mariculture species",0,0,0,0,NA,400,NA,57.5753903938603,67217890.112739,2594489627.83776,1167476.06317415,553.568545838859,0.67,6.94741272727271,22.3154876995421,2.9350875739441,511.058004986318,86.879860847674,1389277.96601241,2718.43499653158,1323.62471075234,1.24466666666667,"FB-genus",0.1280125,"FB species-average",2.6625,"FB species-average",10.3692727272727,"FB species-average",0.377727272727273,"FB species-average",7.11,10,28,31.59,31.28,33.91,35.9,37.65
"Bivalves","Mussels","Mytiloida","Mytilidae","Perna","Perna viridis","Green mussel",TRUE,TRUE,8,149204.9088,"Non-fed","Non-fed mariculture species",0,0,0,0,NA,400,NA,50.5836254397194,49790349.92589,153167303.152953,984317.543336732,466.722400823486,0.67,7.90769733333331,30.1263197031686,0.90281972680913,1661.46125905058,282.448414038599,4516574.43198452,2718.43499653158,441.764239402605,1.24466666666667,"FB-species",0.10777625,"FB species-average",2.72415,"FB species-average",11.8025333333333,"FB species-average",1.228,"FB species-average",21.42,24.17,29.42,33.62,28.18,30.56,34.4,37.3
"Bivalves","Oysters","Ostreoida","Ostreidae","Crassostrea","Crassostrea corteziensis","Cortez oyster",FALSE,TRUE,20,4721.20257,"Non-fed","Non-fed mariculture species",0,0,0,0,NA,400,NA,52.2923238953859,33702806.642911,53701631.9728743,644507.723740402,305.598731029114,0.67,7.64930625,44.5066790992467,0.67191674213431,2232.41944416406,379.51130550789,6668253.66760406,2987.00752004112,880.809775386479,0.693333333333333,"FB-genus",0.13801,"FB species-average",2.8389,"FB species-average",11.416875,"FB genus-average",1.65,"FB genus-average",12.16,19.32,27.64,31.84,27.2,30.96,34.08,37.45
"Bivalves","Oysters","Ostreoida","Ostreidae","Crassostrea","Crassostrea gigas","Pacific cupped oyster",TRUE,TRUE,3,593925.19459,"Non-fed","Non-fed mariculture species",0,0,0,0,NA,400,NA,58.8772115752598,32407500.9522661,43966095.3701399,550425.199923763,260.988714994672,0.67,6.7938,46.2855806811328,0.439945485921274,3409.51333290511,579.617266593868,10184241.965068,2987.00752004112,2107.34813241119,0.693333333333333,"FB-genus",0.1914,"FB species-average",2.8644,"FB species-average",10.14,"FB species-average",2.52,"FB species-average",8.32,13.99,22.2,26.52,28.28,32.24,33.97,34.89
"Bivalves","Oysters","Ostreoida","Ostreidae","Crassostrea","Crassostrea madrasensis","Indian backwater oyster",TRUE,TRUE,21,4235.056,"Non-fed","Non-fed mariculture species",0,0,0,0,NA,400,NA,44.8209403433284,13314551.8830188,33720638.0147219,297060.967062032,140.853943604567,0.67,8.9244,112.658692022004,0.920051970557354,1630.34268498042,277.158256446671,4869845.86028054,2987.00752004112,1048.69272640211,1.01,"FB-species",0.3055,"FB species-average",2.7002,"FB species-average",13.32,"FB species-average",1.205,"FB species-average",26.41,26.96,28.6,32.8,13.31,22.29,35.23,36.41
"Bivalves","Oysters","Ostreoida","Ostreidae","Crassostrea","Crassostrea rhizophorae","Mangrove cupped oyster",TRUE,TRUE,29,1162.06,"Non-fed","Non-fed mariculture species",0,0,0,0,NA,400,NA,68.7013723099119,75453743.503019,99387837.4954146,1098285.82699407,520.761416308236,0.67,5.8223,19.8797293594848,0.39737011631599,3774.81833285922,641.719116586068,11275410.7470396,2987.00752004112,1000,0.693333333333333,"FB-genus",0.1639725,"FB genus-average",2.723375,"FB genus-average",8.69,"FB species-average",2.79,"FB species-average",17.03,22.94,28.19,32.39,23.53,33.47,36.45,38.42
"Bivalves","Oysters","Ostreoida","Ostreidae","Crassostrea","Crassostrea tulipa","Gasar cupped oyster",TRUE,TRUE,37,189.406,"Non-fed","Non-fed mariculture species",0,0,0,0,NA,400,NA,38.7672029463074,15882524.4279829,27454603.8732593,409689.717619819,194.257808259753,0.67,10.318,94.4434247088075,0.701685205393425,2137.71074047225,363.410825880282,6385358.05746328,2987.00752004112,2503.6357904303,0.78,"FB-species",0.1639725,"FB genus-average",2.723375,"FB genus-average",15.4,"Gentry et al. 2017",1.58,"Gentry et al. 2017",21.68,24.32,28.01,32.21,21.03,25.87,34.88,35.83
"Bivalves","Oysters","Ostreoida","Ostreidae","Crassostrea","Crassostrea virginica","American cupped oyster",TRUE,TRUE,9,108275.8,"Non-fed","Non-fed mariculture species",0,0,0,0,NA,400,NA,65.7143561225244,796398506.065886,1428910095.94462,12119094.7162444,5746.370183141,0.67,6.08695,1.88347917352309,2.01575022640293,744.139814721352,126.50376850263,2222751.22253469,2987.00752004112,1167.95101997355,0.29,"FB-species",0.02098,"FB species-average",2.49,"FB species-average",9.085,"FB species-average",0.55,"FB species-average",2.66,8.47,26.95,31.15,18.94,26.85,36.16,38.51
"Bivalves","Oysters","Ostreoida","Ostreidae","Ostrea","Ostrea chilensis","Chilean flat oyster",TRUE,TRUE,35,254.192,"Non-fed","Non-fed mariculture species",0,0,0,0,NA,400,NA,59.7014925373134,66583525.883265,142525270.313892,1115274.05854469,528.816528470691,0.67,6.7,22.5280950520677,1.09768576685308,1366.51129612467,232.306920341193,4081779.51774552,2987.00752004112,3000,0.693333333333333,"FB-family",0.24054125,"FB family-average",2.38663,"FB family-average",10,"Gentry et al. 2017",1.01,"Gentry et al. 2017",8.07,10.94,17.85,20.6,30,31,35.54,36.25
"Bivalves","Oysters","Ostreoida","Ostreidae","Ostrea","Ostrea conchaphila","Olympia oyster",TRUE,FALSE,NA,NA,"Non-fed","Non-fed mariculture species",0,0,0,0,NA,400,NA,47.7611940298507,39091149.8164248,200611466.823067,818470.949281395,388.084850299381,0.67,8.375,38.3718567257326,2.35885664791832,635.901296216428,108.103220356793,1899441.95380237,2987.00752004112,NA,0.693333333333333,"FB-family",0.24054125,"FB family-average",2.38663,"FB family-average",12.5,"Gentry et al. 2017",0.47,"Gentry et al. 2017",23.44,26.04,28.62,32.82,27.94,31.04,33.71,36.28
"Bivalves","Oysters","Ostreoida","Ostreidae","Ostrea","Ostrea edulis","European flat oyster",TRUE,TRUE,25,2324.8546,"Non-fed","Non-fed mariculture species",0,0,0,0,NA,400,NA,49.7512437810945,43091384.896892,92239201.8019147,866136.83642753,410.686029600536,0.67,8.04,34.8097422162031,1.09768576685308,1366.51129612467,232.306920341193,4081779.51774552,2987.00752004112,7398.69069103829,0.693333333333333,"FB-family",0.24054125,"FB family-average",2.38663,"FB family-average",12,"Gentry et al. 2017",1.01,"Gentry et al. 2017",7.51,9.88,17.83,22.15,16.4,33.41,37.15,40
"Bivalves","Oysters","Ostreoida","Ostreidae","Saccostrea","Saccostrea cucullata","Hooded oyster",TRUE,TRUE,52,3,"Non-fed","Non-fed mariculture species",0,0,0,0,NA,400,NA,29.8507462686567,12732672.5586492,20711168.0623739,426544.530714748,202.249658944878,0.67,13.4,117.807160522719,0.701685205393425,2137.71074047225,363.410825880282,6385358.05746328,2987.00752004112,10562.3333333333,0.693333333333333,"FB-family",0.24054125,"FB family-average",2.38663,"FB family-average",20,"Gentry et al. 2017",1.58,"Gentry et al. 2017",10,23.17,29.06,33.26,28.25,33.09,35.88,39.65
"Bivalves","Oysters","Ostreoida","Ostreidae","Saccostrea","Saccostrea glomerata","Sydney cupped oyster",TRUE,FALSE,NA,NA,"Non-fed","Non-fed mariculture species",0,0,0,0,NA,400,NA,26.6524520255864,9715258.51234646,22203002.6452141,364516.499383239,172.838548782949,0.67,15.008,154.396303309248,1.19211034894797,1258.27277761974,213.906372195356,3758470.2490132,2987.00752004112,NA,0.693333333333333,"FB-family",0.24054125,"FB family-average",2.38663,"FB family-average",22.4,"Gentry et al. 2017",0.93,"Gentry et al. 2017",8.75,15.13,25.45,29.65,32.16,34.67,35.67,36.17
